,Unnamed: 0.5,Unnamed: 0.4,Unnamed: 0.3,Unnamed: 0.2,Unnamed: 0.1,Unnamed: 0,membrane,solvent,solute_smiles,secondary_solute_smiles,secondary_solute_ratio,pressure,temperature,permeance,process_configuration,solute_category,membrane_family,mwco,contact_angle,zeta_potential,contact_angle_missing,zeta_potential_missing,solvent_smiles,solvent_mw,solvent_logp,solvent_viscosity,solvent_density,solvent_dielectric_constant,solvent_dd,solvent_dp,solvent_dh,solvent_molar_volume,solute_mw,solute_logp,secondary_solute_mw,secondary_solute_logp,membrane_SM122,membrane_DM500,membrane_PMPerformance,membrane_DM300,membrane_SS150101,membrane_SS336,membrane_GMT-oNF-2,membrane_DM150,process_configuration_CF,process_configuration_DE,rejection_mcmpnn_combi_v42d_fold3,rejection_mcmpnn_combi_v42d_fold2,rejection_mcmpnn_combi_v42d_fold4,rejection_mcmpnn_combi_v42d_fold0,rejection_mcmpnn_combi_v42d_fold1,mcmpnn_rejection_mean_predicted,mcmpnn_rejection_ci_lower,mcmpnn_rejection_ci_upper
0,0,0,0,0,0,0,SS336,Ethanol,N#Cc1c(n2c3ccccc3c4ccccc24)c(C#N)c(n(c5c6cccc5)c7c6cccc7)c(n(c8c9cccc8)c%10c9cccc%10)c1n(c%11c%12cccc%11)c%13c%12cccc%13,N#Cc1c(n2c3ccccc3c4ccccc24)c(C#N)c(n(c5c6cccc5)c7c6cccc7)c(n(c8c9cccc8)c%10c9cccc%10)c1n(c%11c%12cccc%11)c%13c%12cccc%13,0.5,30,25,0.321,CF,organocatalyst,SS,500,82.0,0.0,0,1,C(C)O,46.069,-0.31,1.2,789.0,24.6,15.8,8.8,19.4,58.5,788.914,13.818359999999974,788.914,13.818359999999974,0,0,0,0,0,1,0,0,1,0,0.7943628,0.82743937,0.7003566,0.87746286,0.7374937,0.787423066,0.6999977955477998,0.8748483364522002
1,1,1,1,1,1,1,SS336,Ethanol,CC[C@@H]1CN2CCC1CC2[C@H](Oc3c4ccccc4c(O[C@@H](C5CC6CCN5C[C@@H]6CC)c7c8cc(OC)ccc8ncc7)nn3)c9c%10cc(OC)ccc%10ncc9,CC[C@@H]1CN2CCC1CC2[C@H](Oc3c4ccccc4c(O[C@@H](C5CC6CCN5C[C@@H]6CC)c7c8cc(OC)ccc8ncc7)nn3)c9c%10cc(OC)ccc%10ncc9,0.5,30,25,0.321,CF,organocatalyst,SS,500,82.0,0.0,0,1,C(C)O,46.069,-0.31,1.2,789.0,24.6,15.8,8.8,19.4,58.5,778.998,9.224400000000005,778.998,9.224400000000005,0,0,0,0,0,1,0,0,1,0,0.8086293,0.74666816,0.59223884,0.9029516,0.79521585,0.76914075,0.6276456556618784,0.9106358443381217
2,2,2,2,2,2,2,SS336,Ethanol,Ic1c(O[Na])c(I)cc2c1OC3C(C(C(I)=CC3=C2c4c(Cl)c(Cl)c(Cl)c(Cl)c4C(O[Na])=O)=O)I,Ic1c(O[Na])c(I)cc2c1OC3C(C(C(I)=CC3=C2c4c(Cl)c(Cl)c(Cl)c(Cl)c4C(O[Na])=O)=O)I,0.5,30,25,0.321,CF,organocatalyst,SS,500,82.0,0.0,0,1,C(C)O,46.069,-0.31,1.2,789.0,24.6,15.8,8.8,19.4,58.5,1019.6549999999996,7.480100000000001,1019.6549999999996,7.480100000000001,0,0,0,0,0,1,0,0,1,0,0.8005073,0.83915603,0.77032256,0.87298703,0.8301067,0.8226159240000002,0.7741658736957673,0.871065974304233
3,3,3,3,3,3,3,SS336,Ethanol,Oc(c1c2c(O)ccc3c2cccc3)ccc4c1cccc4,Oc(c1c2c(O)ccc3c2cccc3)ccc4c1cccc4,0.5,30,25,0.321,CF,organocatalyst,SS,500,82.0,0.0,0,1,C(C)O,46.069,-0.31,1.2,789.0,24.6,15.8,8.8,19.4,58.5,286.33,5.071200000000004,286.33,5.071200000000004,0,0,0,0,0,1,0,0,1,0,0.86098444,0.7411026,0.76078606,0.7931496,0.59870625,0.75094579,0.6311071005737973,0.8707844794262026
4,4,4,4,4,4,4,SS336,Ethanol,C[n+](c(cccc1)c1c2c3c(C)cc(C)cc3C)c4c2cccc4,C[n+](c(cccc1)c1c2c3c(C)cc(C)cc3C)c4c2cccc4,0.5,30,25,0.321,CF,organocatalyst,SS,500,82.0,0.0,0,1,C(C)O,46.069,-0.31,1.2,789.0,24.6,15.8,8.8,19.4,58.5,312.436,5.409760000000005,312.436,5.409760000000005,0,0,0,0,0,1,0,0,1,0,0.86217904,0.63609475,0.74738955,0.7739432,0.61345637,0.7266125820000001,0.5993072897704306,0.8539178742295697
5,5,5,5,5,5,5,SS336,Ethanol,C1OCCOCCOCCOCCOCCOC1,C1OCCOCCOCCOCCOCCOC1,0.5,30,25,0.321,CF,organocatalyst,SS,500,82.0,0.0,0,1,C(C)O,46.069,-0.31,1.2,789.0,24.6,15.8,8.8,19.4,58.5,264.3179999999999,0.099600000000001,264.3179999999999,0.099600000000001,0,0,0,0,0,1,0,0,1,0,0.47823423,0.44815823,0.5173417,0.47762188,0.33591658,0.451454524,0.36564735451627295,0.5372616934837271
6,6,6,6,6,6,6,SS336,Ethanol,c12c(OCCOCCOc3c(OCCOCCO2)cccc3)cccc1,c12c(OCCOCCOc3c(OCCOCCO2)cccc3)cccc1,0.5,30,25,0.321,CF,organocatalyst,SS,500,82.0,0.0,0,1,C(C)O,46.069,-0.31,1.2,789.0,24.6,15.8,8.8,19.4,58.5,360.406,2.948800000000001,360.406,2.948800000000001,0,0,0,0,0,1,0,0,1,0,0.67898726,0.5279322,0.6432806,0.6176475,0.39501998,0.572573508,0.4311748176721137,0.7139721983278862
7,7,7,7,7,7,7,SS336,Ethanol,Oc1ccc(C2(c3ccc(O)cc3O4)c5c(C(O2)=O)cccc5)c4c1,Oc1ccc(C2(c3ccc(O)cc3O4)c5c(C(O2)=O)cccc5)c4c1,0.5,30,25,0.321,CF,organocatalyst,SS,500,82.0,0.0,0,1,C(C)O,46.069,-0.31,1.2,789.0,24.6,15.8,8.8,19.4,58.5,332.311,3.6658000000000017,332.311,3.6658000000000017,0,0,0,0,0,1,0,0,1,0,0.9535359,0.9528011,0.77295846,0.93901217,0.6944819,0.8625579059999999,0.7123426183127243,1.0127731936872757
8,8,8,8,8,8,8,SS336,Ethanol,Fc1c(B(c2c(F)c(F)c(F)c(F)c2F)c3c(F)c(F)c(F)c(F)c3F)c(F)c(F)c(F)c1F,Fc1c(B(c2c(F)c(F)c(F)c(F)c2F)c3c(F)c(F)c(F)c(F)c3F)c(F)c(F)c(F)c1F,0.5,30,25,0.321,CF,organocatalyst,SS,500,82.0,0.0,0,1,C(C)O,46.069,-0.31,1.2,789.0,24.6,15.8,8.8,19.4,58.5,511.9800000000001,4.2893,511.9800000000001,4.2893,0,0,0,0,0,1,0,0,1,0,0.85498625,0.77984357,0.6332302,0.7130499,0.5761526,0.711452504,0.5730381264915448,0.8498668815084552
9,9,9,9,9,9,9,SS336,Ethanol,c12ccccc1c([N]C3[N]C([N]4)c5ccccc53)[nH]c2[N]C([N]6)c7ccccc7C6[N]c8[nH]c4c9c8cccc9,c12ccccc1c([N]C3[N]C([N]4)c5ccccc53)[nH]c2[N]C([N]6)c7ccccc7C6[N]c8[nH]c4c9c8cccc9,0.5,30,25,0.321,CF,organocatalyst,SS,500,82.0,0.0,0,1,C(C)O,46.069,-0.31,1.2,789.0,24.6,15.8,8.8,19.4,58.5,518.5840000000003,5.937400000000005,518.5840000000003,5.937400000000005,0,0,0,0,0,1,0,0,1,0,0.92855096,0.9214016,0.7407158,0.9655014,0.76485556,0.8642050640000001,0.7357772830588843,0.9926328449411158
10,10,10,10,10,10,10,SS336,Ethanol,N=C(N(C)C)N(C)C,N=C(N(C)C)N(C)C,0.5,30,25,0.321,CF,organocatalyst,SS,500,82.0,0.0,0,1,C(C)O,46.069,-0.31,1.2,789.0,24.6,15.8,8.8,19.4,58.5,115.18,0.0443699999999998,115.18,0.0443699999999998,0,0,0,0,0,1,0,0,1,0,0.84045374,0.5083443,0.66995907,0.85730344,0.87445915,0.75010394,0.5537894784664167,0.9464184015335834
11,11,11,11,11,11,11,SS336,Ethanol,OC[C@H]1N(C(OC(C)(C)C)=O)CCC1,OC[C@H]1N(C(OC(C)(C)C)=O)CCC1,0.5,30,25,0.321,CF,organocatalyst,SS,500,82.0,0.0,0,1,C(C)O,46.069,-0.31,1.2,789.0,24.6,15.8,8.8,19.4,58.5,201.266,1.3781999999999996,201.266,1.3781999999999996,0,0,0,0,0,1,0,0,1,0,0.4586044,0.49087715,0.32066596,0.7069618,0.40159023,0.475739908,0.29630718456918437,0.6551726314308156
12,12,12,12,12,12,12,SS336,Ethanol,CCCC[N+](CCCC)(CCCC)CCCC,CCCC[N+](CCCC)(CCCC)CCCC,0.5,30,25,0.321,CF,organocatalyst,SS,500,82.0,0.0,0,1,C(C)O,46.069,-0.31,1.2,789.0,24.6,15.8,8.8,19.4,58.5,242.4709999999999,5.003600000000005,242.4709999999999,5.003600000000005,0,0,0,0,0,1,0,0,1,0,0.89667666,0.7962402,0.7770351,0.84549344,0.8708155,0.8372521799999999,0.775064263065017,0.8994400969349828
13,13,13,13,13,13,13,SS336,Ethanol,S=c1c(NC[C@H]2NCCC2)c(NCc3ccccc3)c1=S,S=c1c(NC[C@H]2NCCC2)c(NCc3ccccc3)c1=S,0.5,30,25,0.321,CF,organocatalyst,SS,500,82.0,0.0,0,1,C(C)O,46.069,-0.31,1.2,789.0,24.6,15.8,8.8,19.4,58.5,317.483,3.7971800000000018,317.483,3.7971800000000018,0,0,0,0,0,1,0,0,1,0,0.90250087,0.88623834,0.86089206,0.9432112,0.8972224,0.8980129739999999,0.860865372592311,0.9351605754076888
14,14,14,14,14,14,14,SS336,Ethanol,O=c(c(NCc1ccccc1)c2NC[C@H]3N(CCC3)C(OC(C)(C)C)=O)c2=O,O=c(c(NCc1ccccc1)c2NC[C@H]3N(CCC3)C(OC(C)(C)C)=O)c2=O,0.5,30,25,0.321,CF,organocatalyst,SS,500,82.0,0.0,0,1,C(C)O,46.069,-0.31,1.2,789.0,24.6,15.8,8.8,19.4,58.5,385.46400000000017,2.706100000000001,385.46400000000017,2.706100000000001,0,0,0,0,0,1,0,0,1,0,0.85128164,0.8295567,0.74441785,0.96714044,0.7805023,0.8345797859999999,0.7289834724703813,0.9401760995296186
15,15,15,15,15,15,15,SS336,Ethanol,O=c(c(N[C@@H](c(ccn1)c2c1ccc(OC)c2)[C@H]3N4CCC(C3)C(C#C)C4)c5Nc6cc(C(F)(F)F)cc(C(F)(F)F)c6)c5=O,O=c(c(N[C@@H](c(ccn1)c2c1ccc(OC)c2)[C@H]3N4CCC(C3)C(C#C)C4)c5Nc6cc(C(F)(F)F)cc(C(F)(F)F)c6)c5=O,0.5,30,25,0.321,CF,organocatalyst,SS,500,82.0,0.0,0,1,C(C)O,46.069,-0.31,1.2,789.0,24.6,15.8,8.8,19.4,58.5,628.5730000000003,6.117400000000004,628.5730000000003,6.117400000000004,0,0,0,0,0,1,0,0,1,0,0.84825337,0.8089206,0.6893022,0.8956843,0.8693954,0.822311174,0.7219277422022328,0.9226946057977672
16,16,16,16,16,16,16,SS336,Ethanol,N[C@H]([C@@H]1[N@@](CC[C@H]2C1)C[C@@H]2C=C)c3ccnc4ccc(OC)cc34,N[C@H]([C@@H]1[N@@](CC[C@H]2C1)C[C@@H]2C=C)c3ccnc4ccc(OC)cc34,0.5,30,25,0.321,CF,organocatalyst,SS,500,82.0,0.0,0,1,C(C)O,46.069,-0.31,1.2,789.0,24.6,15.8,8.8,19.4,58.5,323.4400000000001,3.139600000000001,323.4400000000001,3.139600000000001,0,0,0,0,0,1,0,0,1,0,0.9380286,0.7966566,0.70334065,0.84835136,0.6704496,0.791365362,0.6565511852500716,0.9261795387499283
17,17,17,17,17,17,17,SS336,Ethanol,NC1CCCCC1,NC1CCCCC1,0.5,30,25,0.321,CF,organocatalyst,SS,500,82.0,0.0,0,1,C(C)O,46.069,-0.31,1.2,789.0,24.6,15.8,8.8,19.4,58.5,99.177,1.2778,99.177,1.2778,0,0,0,0,0,1,0,0,1,0,0.37183017,0.27747327,0.2412042,0.32445574,0.26632604,0.29625788399999997,0.2317810371921667,0.36073473080783325
18,18,18,18,18,18,18,SS336,Ethanol,c1cccnc1,c1cccnc1,0.5,30,25,0.321,CF,organocatalyst,SS,500,82.0,0.0,0,1,C(C)O,46.069,-0.31,1.2,789.0,24.6,15.8,8.8,19.4,58.5,79.10199999999999,1.0816,79.10199999999999,1.0816,0,0,0,0,0,1,0,0,1,0,0.2978327,0.08565897,0.19827446,-0.09832138,0.097011566,0.1160912632,-0.0670772916664621,0.2992598180664621
19,19,19,19,19,19,19,SS336,Ethanol,CN(C)CCN(C)C,CN(C)CCN(C)C,0.5,30,25,0.321,CF,organocatalyst,SS,500,82.0,0.0,0,1,C(C)O,46.069,-0.31,1.2,789.0,24.6,15.8,8.8,19.4,58.5,116.208,0.1095999999999999,116.208,0.1095999999999999,0,0,0,0,0,1,0,0,1,0,0.63214314,0.5474306,0.55221444,0.5901348,0.6418511,0.592754816,0.5383954656406631,0.6471141663593369
20,20,20,20,20,20,20,SS336,Ethanol,CCN(CC)CC,CCN(CC)CC,0.5,30,25,0.321,CF,organocatalyst,SS,500,82.0,0.0,0,1,C(C)O,46.069,-0.31,1.2,789.0,24.6,15.8,8.8,19.4,58.5,101.193,1.3481,101.193,1.3481,0,0,0,0,0,1,0,0,1,0,0.68106353,0.56732297,0.6786283,0.5775061,0.69158655,0.6392214900000001,0.563124759151167,0.7153182208488331
21,21,21,21,21,21,21,SS336,Ethanol,CN(c1ccncc1)C,CN(c1ccncc1)C,0.5,30,25,0.321,CF,organocatalyst,SS,500,82.0,0.0,0,1,C(C)O,46.069,-0.31,1.2,789.0,24.6,15.8,8.8,19.4,58.5,122.17099999999998,1.1476,122.17099999999998,1.1476,0,0,0,0,0,1,0,0,1,0,0.47571856,0.30977106,0.49113637,0.43657124,0.3603041,0.414700266,0.3184950792342476,0.5109054527657524
22,22,22,22,22,22,22,SS336,Ethanol,C1OCCOCCOCCOCCOCCOC1,C1OCCOCCOCCOCCOCCOC1,0.5,30,25,0.321,CF,organocatalyst,SS,500,82.0,0.0,0,1,C(C)O,46.069,-0.31,1.2,789.0,24.6,15.8,8.8,19.4,58.5,264.3179999999999,0.099600000000001,264.3179999999999,0.099600000000001,0,0,0,0,0,1,0,0,1,0,0.47823423,0.44815823,0.5173417,0.47762188,0.33591658,0.451454524,0.36564735451627295,0.5372616934837271
23,23,23,23,23,23,23,SS336,Ethanol,c12c(OCCOCCOc3c(OCCOCCO2)cccc3)cccc1,c12c(OCCOCCOc3c(OCCOCCO2)cccc3)cccc1,0.5,30,25,0.321,CF,organocatalyst,SS,500,82.0,0.0,0,1,C(C)O,46.069,-0.31,1.2,789.0,24.6,15.8,8.8,19.4,58.5,360.406,2.948800000000001,360.406,2.948800000000001,0,0,0,0,0,1,0,0,1,0,0.6789873,0.5279322,0.6432806,0.6176475,0.39501998,0.572573516,0.43117481406937275,0.7139722179306272
24,24,24,24,24,24,24,SS336,Ethanol,Oc1c(Cc2cccc(C3)c2O)cccc1Cc4c(O)c(Cc5cccc3c5O)ccc4,Oc1c(Cc2cccc(C3)c2O)cccc1Cc4c(O)c(Cc5cccc3c5O)ccc4,0.5,30,25,0.321,CF,organocatalyst,SS,500,82.0,0.0,0,1,C(C)O,46.069,-0.31,1.2,789.0,24.6,15.8,8.8,19.4,58.5,424.4960000000001,5.185600000000006,424.4960000000001,5.185600000000006,0,0,0,0,0,1,0,0,1,0,0.8356309,0.8021947,0.7432701,0.8645059,0.6385985,0.7768400200000001,0.665743714446022,0.8879363255539782
25,25,25,25,25,25,25,SS336,Ethanol,[H][C@@]1(O[C@](O2)([H])[C@H](OC(C3=CC=CC=C3)=O)C(OC(C4=CC=CC=C4)=O)[C@@](O[C@@]5([H])O[C@H](COC(C6=CC=CC=C6)=O)[C@@]([C@H](OC(C7=CC=CC=C7)=O)[C@H]5OC(C8=CC=CC=C8)=O)([H])O[C@@]9([H])O[C@@H]([C@](O[C@]%10([H])[C@H](OC(C%11=CC=CC=C%11)=O)[C@@H](OC(C%12=CC=CC=C%12)=O)[C@@](O%13)([H])[C@@H](COC(C%14=CC=CC=C%14)=O)O%10)([H])[C@H](OC(C%15=CC=CC=C%15)=O)[C@H]9OC(C%16=CC=CC=C%16)=O)COC(C%17=CC=CC=C%17)=O)([H])[C@H]2COC(C%18=CC=CC=C%18)=O)[C@@H](COC(C%19=CC=CC=C%19)=O)O[C@](O[C@]%20([H])[C@@H](COC(C%21=CC=CC=C%21)=O)O[C@@](O[C@]%22([H])[C@@H](COC(C%23=CC=CC=C%23)=O)O[C@@]%13([H])[C@H](OC(C%24=CC=CC=C%24)=O)[C@H]%22OC(C%25=CC=CC=C%25)=O)([H])[C@@H]([C@H]%20OC(C%26=CC=CC=C%26)=O)OC(C%27=CC=CC=C%27)=O)([C@@H]([C@H]1OC(C%28=CC=CC=C%28)=O)OC(C%29=CC=CC=C%29)=O)[H],[H][C@@]1(O[C@](O2)([H])[C@H](OC(C3=CC=CC=C3)=O)C(OC(C4=CC=CC=C4)=O)[C@@](O[C@@]5([H])O[C@H](COC(C6=CC=CC=C6)=O)[C@@]([C@H](OC(C7=CC=CC=C7)=O)[C@H]5OC(C8=CC=CC=C8)=O)([H])O[C@@]9([H])O[C@@H]([C@](O[C@]%10([H])[C@H](OC(C%11=CC=CC=C%11)=O)[C@@H](OC(C%12=CC=CC=C%12)=O)[C@@](O%13)([H])[C@@H](COC(C%14=CC=CC=C%14)=O)O%10)([H])[C@H](OC(C%15=CC=CC=C%15)=O)[C@H]9OC(C%16=CC=CC=C%16)=O)COC(C%17=CC=CC=C%17)=O)([H])[C@H]2COC(C%18=CC=CC=C%18)=O)[C@@H](COC(C%19=CC=CC=C%19)=O)O[C@](O[C@]%20([H])[C@@H](COC(C%21=CC=CC=C%21)=O)O[C@@](O[C@]%22([H])[C@@H](COC(C%23=CC=CC=C%23)=O)O[C@@]%13([H])[C@H](OC(C%24=CC=CC=C%24)=O)[C@H]%22OC(C%25=CC=CC=C%25)=O)([H])[C@@H]([C@H]%20OC(C%26=CC=CC=C%26)=O)OC(C%27=CC=CC=C%27)=O)([C@@H]([C@H]1OC(C%28=CC=CC=C%28)=O)OC(C%29=CC=CC=C%29)=O)[H],0.5,30,25,0.321,CF,organocatalyst,SS,500,82.0,0.0,0,1,C(C)O,46.069,-0.31,1.2,789.0,24.6,15.8,8.8,19.4,58.5,3321.254999999984,23.92810000000004,3321.254999999984,23.92810000000004,0,0,0,0,0,1,0,0,1,0,0.57211524,0.85460496,0.84531283,0.98176855,1.0,0.850760316,0.6382913459916209,1.0632292860083792
26,26,26,26,26,26,26,SS336,Ethanol,[H][C@]1(C[C@@H]2CC[N@]1C[C@@H]2C=C)[C@H](O)c(ccn3)c4c3ccc(OC)c4,[H][C@]1(C[C@@H]2CC[N@]1C[C@@H]2C=C)[C@H](O)c(ccn3)c4c3ccc(OC)c4,0.5,30,25,0.321,CF,organocatalyst,SS,500,82.0,0.0,0,1,C(C)O,46.069,-0.31,1.2,789.0,24.6,15.8,8.8,19.4,58.5,324.4240000000001,3.1732000000000014,324.4240000000001,3.1732000000000014,0,0,0,0,0,1,0,0,1,0,0.9581271,0.7716185,0.69209945,0.9047288,0.7228184,0.80987845,0.6657579207724312,0.9539989792275688
27,27,27,27,27,27,27,SS336,Ethanol,c12cccnc1c3ccccc3cc2,c12cccnc1c3ccccc3cc2,0.5,30,25,0.321,CF,organocatalyst,SS,500,82.0,0.0,0,1,C(C)O,46.069,-0.31,1.2,789.0,24.6,15.8,8.8,19.4,58.5,179.22199999999998,3.3880000000000017,179.22199999999998,3.3880000000000017,0,0,0,0,0,1,0,0,1,0,0.6274802,0.44133937,0.52024174,0.33747488,0.33882117,0.453071472,0.29913067867868265,0.6070122653213172
28,28,28,28,28,28,28,SS336,Ethanol,[H][C@@]1([C@@H](c(ccn2)c3c2ccc(O)c3)OC(c4ccccc4)=O)C[C@@H]5CC[N@]1C[C@@H]5C=C,[H][C@@]1([C@@H](c(ccn2)c3c2ccc(O)c3)OC(c4ccccc4)=O)C[C@@H]5CC[N@]1C[C@@H]5C=C,0.5,30,25,0.321,CF,organocatalyst,SS,500,82.0,0.0,0,1,C(C)O,46.069,-0.31,1.2,789.0,24.6,15.8,8.8,19.4,58.5,414.5050000000002,4.734900000000004,414.5050000000002,4.734900000000004,0,0,0,0,0,1,0,0,1,0,0.94038606,0.89160085,0.7787952,0.9155532,0.79726875,0.8647208119999998,0.7748293779294925,0.9546122460705072
29,29,29,29,29,29,29,SS336,Ethanol,OCC[P+](CCCC)(CCCC)CCCC,OCC[P+](CCCC)(CCCC)CCCC,0.5,30,25,0.321,CF,organocatalyst,SS,500,82.0,0.0,0,1,C(C)O,46.069,-0.31,1.2,789.0,24.6,15.8,8.8,19.4,58.5,247.38299999999992,4.396600000000004,247.38299999999992,4.396600000000004,0,0,0,0,0,1,0,0,1,0,0.91708827,0.95696217,0.9086424,0.90640545,0.90491575,0.918802808,0.8916783794118489,0.9459272365881511
30,30,30,30,30,30,30,SS336,Ethanol,CCCCCCCC[P+](CCO)(CCCCCCCC)CCCCCCCC,CCCCCCCC[P+](CCO)(CCCCCCCC)CCCCCCCC,0.5,30,25,0.321,CF,organocatalyst,SS,500,82.0,0.0,0,1,C(C)O,46.069,-0.31,1.2,789.0,24.6,15.8,8.8,19.4,58.5,415.7070000000004,9.077800000000003,415.7070000000004,9.077800000000003,0,0,0,0,0,1,0,0,1,0,0.8403388,0.82554555,0.7610331,0.8490584,0.8434421,0.82388359,0.778942786231703,0.868824393768297
31,31,31,31,31,31,31,SS336,Ethanol,CCCC[P+](CCCC)(CCCC)CCCC,CCCC[P+](CCCC)(CCCC)CCCC,0.5,30,25,0.321,CF,organocatalyst,SS,500,82.0,0.0,0,1,C(C)O,46.069,-0.31,1.2,789.0,24.6,15.8,8.8,19.4,58.5,259.438,6.204400000000007,259.438,6.204400000000007,0,0,0,0,0,1,0,0,1,0,0.8724486,0.91532695,0.79623526,0.82169664,0.85889494,0.852920478,0.7956834325549872,0.9101575234450129
32,32,32,32,32,32,32,SS336,Ethanol,CCCC[N+](CCCC)(CCCC)CCCC,CCCC[N+](CCCC)(CCCC)CCCC,0.5,30,25,0.321,CF,organocatalyst,SS,500,82.0,0.0,0,1,C(C)O,46.069,-0.31,1.2,789.0,24.6,15.8,8.8,19.4,58.5,242.4709999999999,5.003600000000005,242.4709999999999,5.003600000000005,0,0,0,0,0,1,0,0,1,0,0.89667666,0.7962402,0.7770351,0.84549344,0.8708155,0.8372521799999999,0.775064263065017,0.8994400969349828
33,33,33,33,33,33,33,SS336,Ethanol,[H][C@@]1([C@@H](c(ccn2)c3c2ccc(OC)c3)N)C[C@@H]4CC[N@]1C[C@@H]4CC,[H][C@@]1([C@@H](c(ccn2)c3c2ccc(OC)c3)N)C[C@@H]4CC[N@]1C[C@@H]4CC,0.5,30,25,0.321,CF,organocatalyst,SS,500,82.0,0.0,0,1,C(C)O,46.069,-0.31,1.2,789.0,24.6,15.8,8.8,19.4,58.5,325.456,3.3636000000000017,325.456,3.3636000000000017,0,0,0,0,0,1,0,0,1,0,0.9632433,0.8103381,0.75974876,0.9540653,0.8067936,0.858837812,0.7429428560772015,0.9747327679227985
34,34,34,34,34,34,34,SS336,Ethanol,[H][C@@]1([C@@H](c(ccn2)c3c2ccc(O)c3)O)C[C@@H]4CC[N@]1C[C@@H]4C=C,[H][C@@]1([C@@H](c(ccn2)c3c2ccc(O)c3)O)C[C@@H]4CC[N@]1C[C@@H]4C=C,0.5,30,25,0.321,CF,organocatalyst,SS,500,82.0,0.0,0,1,C(C)O,46.069,-0.31,1.2,789.0,24.6,15.8,8.8,19.4,58.5,310.39700000000005,2.8702000000000005,310.39700000000005,2.8702000000000005,0,0,0,0,0,1,0,0,1,0,0.97156644,0.8890278,0.8686254,0.9877851,0.8296136,0.9093236680000001,0.8249902614985526,0.9936570745014476
35,35,35,35,35,35,35,SS336,Ethanol,[H][C@@]1([C@@H](c(ccn2)c3c2ccc(OC)c3)O)C[C@@H]4CC[N@+]1(C[C@@H]4C=C)Cc5cc(C[N@+]6(CC[C@H]7C[C@@]6([H])[C@@H](c(ccn8)c9c8ccc(OC)c9)O)C[C@@H]7C=C)cc(C[N@+]%10(CC[C@H]%11C[C@@]%10([H])[C@@H](c(ccn%12)c%13c%12ccc(OC)c%13)O)C[C@@H]%11C=C)c5,[H][C@@]1([C@@H](c(ccn2)c3c2ccc(OC)c3)O)C[C@@H]4CC[N@+]1(C[C@@H]4C=C)Cc5cc(C[N@+]6(CC[C@H]7C[C@@]6([H])[C@@H](c(ccn8)c9c8ccc(OC)c9)O)C[C@@H]7C=C)cc(C[N@+]%10(CC[C@H]%11C[C@@]%10([H])[C@@H](c(ccn%12)c%13c%12ccc(OC)c%13)O)C[C@@H]%11C=C)c5,0.5,30,25,0.321,CF,organocatalyst,SS,500,82.0,0.0,0,1,C(C)O,46.069,-0.31,1.2,789.0,24.6,15.8,8.8,19.4,58.5,1090.443,11.29139999999999,1090.443,11.29139999999999,0,0,0,0,0,1,0,0,1,0,0.77500486,0.7928957,0.77387494,0.97022843,0.9200369,0.846408166,0.7319732612489274,0.9608430707510727
36,36,36,36,36,36,36,SS336,Ethanol,[H][C@@]1([C@@H](c(ccn2)c3c2ccc(OC)c3)OCc4cc(CO[C@@H]([C@]5([H])C[C@@H]6CC[N@]5C[C@@H]6C=C)c(ccn7)c8c7ccc(OC)c8)cc(CO[C@@H]([C@]9([H])C[C@@H]%10CC[N@]9C[C@@H]%10C=C)c(ccn%11)c%12c%11ccc(OC)c%12)c4)C[C@@H]%13CC[N@]1C[C@@H]%13C=C,[H][C@@]1([C@@H](c(ccn2)c3c2ccc(OC)c3)OCc4cc(CO[C@@H]([C@]5([H])C[C@@H]6CC[N@]5C[C@@H]6C=C)c(ccn7)c8c7ccc(OC)c8)cc(CO[C@@H]([C@]9([H])C[C@@H]%10CC[N@]9C[C@@H]%10C=C)c(ccn%11)c%12c%11ccc(OC)c%12)c4)C[C@@H]%13CC[N@]1C[C@@H]%13C=C,0.5,30,25,0.321,CF,organocatalyst,SS,500,82.0,0.0,0,1,C(C)O,46.069,-0.31,1.2,789.0,24.6,15.8,8.8,19.4,58.5,1087.4189999999996,12.81989999999998,1087.4189999999996,12.81989999999998,0,0,0,0,0,1,0,0,1,0,0.7440109,0.7685429,0.6229332,0.8888322,0.86639476,0.7781427919999999,0.6458783027266564,0.9104072812733435
37,37,37,37,37,37,37,SS336,Ethanol,[H][C@@]1([C@@H](c(ccn2)c3c2ccc(O)c3)OCc4cc(CO[C@@H]([C@]5([H])C[C@@H]6CC[N@]5C[C@@H]6C=C)c(ccn7)c8c7ccc(O)c8)cc(CO[C@@H]([C@]9([H])C[C@@H]%10CC[N@]9C[C@@H]%10C=C)c(ccn%11)c%12c%11ccc(O)c%12)c4)C[C@@H]%13CC[N@]1C[C@@H]%13C=C,[H][C@@]1([C@@H](c(ccn2)c3c2ccc(O)c3)OCc4cc(CO[C@@H]([C@]5([H])C[C@@H]6CC[N@]5C[C@@H]6C=C)c(ccn7)c8c7ccc(O)c8)cc(CO[C@@H]([C@]9([H])C[C@@H]%10CC[N@]9C[C@@H]%10C=C)c(ccn%11)c%12c%11ccc(O)c%12)c4)C[C@@H]%13CC[N@]1C[C@@H]%13C=C,0.5,30,25,0.321,CF,organocatalyst,SS,500,82.0,0.0,0,1,C(C)O,46.069,-0.31,1.2,789.0,24.6,15.8,8.8,19.4,58.5,1045.3379999999995,11.910899999999987,1045.3379999999995,11.910899999999987,0,0,0,0,0,1,0,0,1,0,0.7748229,0.8303244,0.6553799,0.8953346,0.88095313,0.807362986,0.6865964700601188,0.9281295019398812
38,38,38,38,38,38,38,SS336,Ethanol,Cc1nc(NS(CC2(CCC3CC2=O)C3(C)C)(=O)=O)ccc1,Cc1nc(NS(CC2(CCC3CC2=O)C3(C)C)(=O)=O)ccc1,0.5,30,25,0.321,CF,organocatalyst,SS,500,82.0,0.0,0,1,C(C)O,46.069,-0.31,1.2,789.0,24.6,15.8,8.8,19.4,58.5,322.43,2.527120000000001,322.43,2.527120000000001,0,0,0,0,0,1,0,0,1,0,0.8564738,0.8952052,0.83622384,0.9442141,0.8132255,0.8690684879999999,0.8048916722949218,0.9332453037050781
39,39,39,39,39,39,39,SS336,Ethanol,O=C1CC2CCC1(CS(Nc3cccc(NS(CC4(CCC5CC4=O)C5(C)C)(=O)=O)n3)(=O)=O)C2(C)C,O=C1CC2CCC1(CS(Nc3cccc(NS(CC4(CCC5CC4=O)C5(C)C)(=O)=O)n3)(=O)=O)C2(C)C,0.5,30,25,0.321,CF,organocatalyst,SS,500,82.0,0.0,0,1,C(C)O,46.069,-0.31,1.2,789.0,24.6,15.8,8.8,19.4,58.5,537.7040000000004,3.355800000000002,537.7040000000004,3.355800000000002,0,0,0,0,0,1,0,0,1,0,0.8917404,0.87172455,0.87355053,0.96015,0.8580081,0.8910347160000001,0.8408019367108369,0.9412674952891632
40,40,40,40,40,40,40,SS336,Ethanol,[H][C@@]1([C@@H](c(ccn2)c3c2ccc(OC)c3)OC(C(C)(C)C)=O)C[C@@H]4CC[N@]1C[C@@H]4C=C,[H][C@@]1([C@@H](c(ccn2)c3c2ccc(OC)c3)OC(C(C)(C)C)=O)C[C@@H]4CC[N@]1C[C@@H]4C=C,0.5,30,25,0.321,CF,organocatalyst,SS,500,82.0,0.0,0,1,C(C)O,46.069,-0.31,1.2,789.0,24.6,15.8,8.8,19.4,58.5,408.5420000000002,4.770200000000004,408.5420000000002,4.770200000000004,0,0,0,0,0,1,0,0,1,0,0.92211056,0.78470623,0.69272846,0.90199333,0.7747197,0.815251656,0.6965919344445123,0.9339113775554878
41,41,41,41,41,41,41,SS336,Ethanol,[H][C@@]1([C@@H](c(ccn2)c3c2ccc(OC)c3)OC(CCCCCCCCCCC)=O)C[C@@H]4CC[N@]1C[C@@H]4C=C,[H][C@@]1([C@@H](c(ccn2)c3c2ccc(OC)c3)OC(CCCCCCCCCCC)=O)C[C@@H]4CC[N@]1C[C@@H]4C=C,0.5,30,25,0.321,CF,organocatalyst,SS,500,82.0,0.0,0,1,C(C)O,46.069,-0.31,1.2,789.0,24.6,15.8,8.8,19.4,58.5,506.7310000000005,7.645000000000008,506.7310000000005,7.645000000000008,0,0,0,0,0,1,0,0,1,0,0.87658215,0.78420115,0.6757885,0.8566663,0.78144056,0.794935732,0.696832067711641,0.893039396288359
42,42,42,42,42,42,42,SS336,Ethanol,[H][C@@]1([C@@H](c(ccn2)c3c2ccc(OC)c3)OC(C45CC6CC(CC(C5)C6)C4)=O)C[C@@H]7CC[N@]1C[C@@H]7C=C,[H][C@@]1([C@@H](c(ccn2)c3c2ccc(OC)c3)OC(C45CC6CC(CC(C5)C6)C4)=O)C[C@@H]7CC[N@]1C[C@@H]7C=C,0.5,30,25,0.321,CF,organocatalyst,SS,500,82.0,0.0,0,1,C(C)O,46.069,-0.31,1.2,789.0,24.6,15.8,8.8,19.4,58.5,486.6560000000004,5.940500000000006,486.6560000000004,5.940500000000006,0,0,0,0,0,1,0,0,1,0,0.8768355,0.75367707,0.6693364,0.9175177,0.7757467,0.798622674,0.6752165889849265,0.9220287590150734
43,43,43,43,43,43,43,SS336,Ethanol,CC1(CCCC(N1[O])(C)C)C,CC1(CCCC(N1[O])(C)C)C,0.5,30,25,0.321,CF,organocatalyst,SS,500,82.0,0.0,0,1,C(C)O,46.069,-0.31,1.2,789.0,24.6,15.8,8.8,19.4,58.5,156.249,2.375000000000001,156.249,2.375000000000001,0,0,0,0,0,1,0,0,1,0,0.64907694,0.701799,0.5178395,0.5509968,0.6534412,0.614630688,0.5190368312447513,0.7102245447552487
44,44,44,44,44,44,44,SS336,Ethanol,CC1(CC(CC(C)(N1[O])C)OCc2cc(COC(CC3(C)C)CC(C)(N3[O])C)cc(COC(CC4(C)C)CC(C)(N4[O])C)c2)C,CC1(CC(CC(C)(N1[O])C)OCc2cc(COC(CC3(C)C)CC(C)(N3[O])C)cc(COC(CC4(C)C)CC(C)(N4[O])C)c2)C,0.5,30,25,0.321,CF,organocatalyst,SS,500,82.0,0.0,0,1,C(C)O,46.069,-0.31,1.2,789.0,24.6,15.8,8.8,19.4,58.5,630.8910000000002,7.33770000000001,630.8910000000002,7.33770000000001,0,0,0,0,0,1,0,0,1,0,0.90144885,0.8657793,0.7381763,0.8938546,0.800653,0.83998241,0.7538295775098938,0.9261352424901061
45,45,45,45,45,45,45,SS336,Ethanol,N#Cc1c(n2c3ccccc3c4ccccc24)c(C#N)c(n5c6ccccc6c7ccccc57)c(Cl)c1n8c9ccccc9c%10ccccc8%10,N#Cc1c(n2c3ccccc3c4ccccc24)c(C#N)c(n5c6ccccc6c7ccccc57)c(Cl)c1n8c9ccccc9c%10ccccc8%10,0.5,30,25,0.321,CF,organocatalyst,SS,500,82.0,0.0,0,1,C(C)O,46.069,-0.31,1.2,789.0,24.6,15.8,8.8,19.4,58.5,658.1640000000001,11.374659999999984,658.1640000000001,11.374659999999984,0,0,0,0,0,1,0,0,1,0,0.8394334,0.8801117,0.7485619,0.8594008,0.68641424,0.802784408,0.7007520885040586,0.9048167274959413
46,46,46,46,46,46,46,SS336,Ethanol,CC(c1ccc(c2cc3c(CCCC3)c(c4c(O5)c(c6ccc(C(C)(C)C)cc6)cc7c4CCCC7)c2OP5(O)=O)cc1)(C)C,CC(c1ccc(c2cc3c(CCCC3)c(c4c(O5)c(c6ccc(C(C)(C)C)cc6)cc7c4CCCC7)c2OP5(O)=O)cc1)(C)C,0.5,30,25,0.321,CF,organocatalyst,SS,500,82.0,0.0,0,1,C(C)O,46.069,-0.31,1.2,789.0,24.6,15.8,8.8,19.4,58.5,620.7700000000004,10.911799999999989,620.7700000000004,10.911799999999989,0,0,0,0,0,1,0,0,1,0,0.77699745,0.7482482,0.59746474,0.89259493,0.73087835,0.7492367339999999,0.6179854851626245,0.8804879828373753
47,47,47,47,47,47,47,SS336,Ethanol,Oc(c(c1ccccc1)c2)c(c3c(O)c(c4ccccc4)cc5c3cccc5)c6c2cccc6,Oc(c(c1ccccc1)c2)c(c3c(O)c(c4ccccc4)cc5c3cccc5)c6c2cccc6,0.5,30,25,0.321,CF,organocatalyst,SS,500,82.0,0.0,0,1,C(C)O,46.069,-0.31,1.2,789.0,24.6,15.8,8.8,19.4,58.5,438.5260000000001,8.405200000000002,438.5260000000001,8.405200000000002,0,0,0,0,0,1,0,0,1,0,0.8363041,0.750775,0.7229104,0.82029206,0.62107694,0.7502717,0.6431991380310592,0.8573442619689408
48,48,48,48,48,48,48,SS336,Ethanol,O=P1(O)Oc(c(c2c(C(C)C)cc(C(C)C)cc2C(C)C)c3)c(c4c(O1)c(c5c(C(C)C)cc(C(C)C)cc5C(C)C)cc6c4cccc6)c7c3cccc7,O=P1(O)Oc(c(c2c(C(C)C)cc(C(C)C)cc2C(C)C)c3)c(c4c(O1)c(c5c(C(C)C)cc(C(C)C)cc5C(C)C)cc6c4cccc6)c7c3cccc7,0.5,30,25,0.321,CF,organocatalyst,SS,500,82.0,0.0,0,1,C(C)O,46.069,-0.31,1.2,789.0,24.6,15.8,8.8,19.4,58.5,752.9760000000002,15.60599999999996,752.9760000000002,15.60599999999996,0,0,0,0,0,1,0,0,1,0,0.7058255,0.73137987,0.51343143,0.8471478,0.77553517,0.7146639539999999,0.5599417790363121,0.8693861289636877
49,49,49,49,49,49,49,SS336,Ethanol,FC(F)(c1cc(C(F)(F)F)cc(c(c2)c(O)c(c(c(O)c(c3cc(C(F)(F)F)cc(C(F)(F)F)c3)c4)c5c4cccc5)c6c2cccc6)c1)F,FC(F)(c1cc(C(F)(F)F)cc(c(c2)c(O)c(c(c(O)c(c3cc(C(F)(F)F)cc(C(F)(F)F)c3)c4)c5c4cccc5)c6c2cccc6)c1)F,0.5,30,25,0.321,CF,organocatalyst,SS,500,82.0,0.0,0,1,C(C)O,46.069,-0.31,1.2,789.0,24.6,15.8,8.8,19.4,58.5,710.5140000000001,12.480399999999989,710.5140000000001,12.480399999999989,0,0,0,0,0,1,0,0,1,0,0.74984396,0.680863,0.4955735,0.78444976,0.69621366,0.681388776,0.5424901214156034,0.8202874305843967
50,50,50,50,50,50,50,SS336,Ethanol,Oc(c([Si](c1ccccc1)(c2ccccc2)c3ccccc3)c4)c(c5c(O)c([Si](c6ccccc6)(c7ccccc7)c8ccccc8)cc9c5cccc9)c%10c4cccc%10,Oc(c([Si](c1ccccc1)(c2ccccc2)c3ccccc3)c4)c(c5c(O)c([Si](c6ccccc6)(c7ccccc7)c8ccccc8)cc9c5cccc9)c%10c4cccc%10,0.5,30,25,0.321,CF,organocatalyst,SS,500,82.0,0.0,0,1,C(C)O,46.069,-0.31,1.2,789.0,24.6,15.8,8.8,19.4,58.5,803.1220000000002,7.826000000000009,803.1220000000002,7.826000000000009,0,0,0,0,0,1,0,0,1,0,0.8473747,0.73437184,0.51652354,0.86239135,0.62014157,0.7161606,0.5319849183857355,0.9003362816142646
51,51,51,51,51,51,51,SS336,Ethanol,O=c(c(NCc1ccccc1)c2NC[C@H]3N(CCC3)C(OC(C)(C)C)=O)c2=O,O=c(c(NCc1ccccc1)c2NC[C@H]3N(CCC3)C(OC(C)(C)C)=O)c2=O,0.5,30,25,0.321,CF,organocatalyst,SS,500,82.0,0.0,0,1,C(C)O,46.069,-0.31,1.2,789.0,24.6,15.8,8.8,19.4,58.5,385.46400000000017,2.706100000000001,385.46400000000017,2.706100000000001,0,0,0,0,0,1,0,0,1,0,0.85128164,0.8295567,0.7444179,0.96714044,0.7805023,0.8345797960000001,0.7289834989251811,0.9401760930748191
52,52,52,52,52,52,52,SS336,Ethanol,O=c(c(OC)c1Nc2cc(C(F)(F)F)cc(C(F)(F)F)c2)c1=O,O=c(c(OC)c1Nc2cc(C(F)(F)F)cc(C(F)(F)F)c2)c1=O,0.5,30,25,0.321,CF,organocatalyst,SS,500,82.0,0.0,0,1,C(C)O,46.069,-0.31,1.2,789.0,24.6,15.8,8.8,19.4,58.5,339.191,3.072400000000001,339.191,3.072400000000001,0,0,0,0,0,1,0,0,1,0,0.87698793,0.6298299,0.67643917,0.7149164,0.7447683,0.7285883400000001,0.612534401272355,0.8446422787276451
53,53,53,53,53,53,53,SS336,Ethanol,O=c(c(N[C@@H](c(ccn1)c2c1ccc(OC)c2)[C@H]3N4CCC(C3)C(C#C)C4)c5Nc6cc(C(F)(F)F)cc(C(F)(F)F)c6)c5=O,O=c(c(N[C@@H](c(ccn1)c2c1ccc(OC)c2)[C@H]3N4CCC(C3)C(C#C)C4)c5Nc6cc(C(F)(F)F)cc(C(F)(F)F)c6)c5=O,0.5,30,25,0.321,CF,organocatalyst,SS,500,82.0,0.0,0,1,C(C)O,46.069,-0.31,1.2,789.0,24.6,15.8,8.8,19.4,58.5,628.5730000000003,6.117400000000004,628.5730000000003,6.117400000000004,0,0,0,0,0,1,0,0,1,0,0.84825337,0.8089206,0.6893022,0.8956843,0.8693954,0.822311174,0.7219277422022328,0.9226946057977672
54,54,54,54,54,54,54,SS336,Ethanol,CCC1C2C[C@@H]([C@@H](NC(NCc3ccccc3)=S)c(ccn4)c5c4ccc(OC)c5)N(CC2)C1,CCC1C2C[C@@H]([C@@H](NC(NCc3ccccc3)=S)c(ccn4)c5c4ccc(OC)c5)N(CC2)C1,0.5,30,25,0.321,CF,organocatalyst,SS,500,82.0,0.0,0,1,C(C)O,46.069,-0.31,1.2,789.0,24.6,15.8,8.8,19.4,58.5,474.6740000000003,5.069200000000004,474.6740000000003,5.069200000000004,0,0,0,0,0,1,0,0,1,0,0.73999614,0.7225965,0.7740656,0.7625309,0.9046489,0.780767608,0.6912939788772346,0.8702412371227654
55,55,55,55,55,55,55,SS336,Ethanol,O=c(c(N[C@@H]([C@@H]1[N@@](CC[C@H]2C1)C[C@@H]2C=C)c3ccnc4ccc(OC)cc34)c5N6CCOCCOCCOCCOCC6)c5=O,O=c(c(N[C@@H]([C@@H]1[N@@](CC[C@H]2C1)C[C@@H]2C=C)c3ccnc4ccc(OC)cc34)c5N6CCOCCOCCOCCOCC6)c5=O,0.5,30,25,0.321,CF,organocatalyst,SS,500,82.0,0.0,0,1,C(C)O,46.069,-0.31,1.2,789.0,24.6,15.8,8.8,19.4,58.5,620.7470000000002,2.775400000000002,620.7470000000002,2.775400000000002,0,0,0,0,0,1,0,0,1,0,0.91548085,0.82959,0.7870582,0.9239609,0.7633908,0.84389615,0.7529679684314691,0.9348243315685308
