,Unnamed: 0.5,Unnamed: 0.4,Unnamed: 0.3,Unnamed: 0.2,Unnamed: 0.1,Unnamed: 0,solute_category,membrane,solvent,solute_smiles,pressure,temperature,process_configuration,permeance,substructure_smarts,membrane_family,mwco,contact_angle,zeta_potential,contact_angle_missing,zeta_potential_missing,solvent_smiles,solvent_mw,solvent_logp,solvent_viscosity,solvent_density,solvent_dielectric_constant,solvent_dd,solvent_dp,solvent_dh,solvent_molar_volume,solute_mw,solute_logp,membrane_SM122,membrane_DM500,membrane_PMPerformance,membrane_DM300,membrane_SS150101,membrane_SS336,membrane_GMT-oNF-2,membrane_DM150,process_configuration_CF,process_configuration_DE,rejection_mcmpnn_combi_v42d_fold3,rejection_mcmpnn_combi_v42d_fold2,rejection_mcmpnn_combi_v42d_fold4,rejection_mcmpnn_combi_v42d_fold0,rejection_mcmpnn_combi_v42d_fold1,mcmpnn_rejection_mean_predicted,mcmpnn_rejection_ci_lower,mcmpnn_rejection_ci_upper
0,0,0,0,0,0,0,appcat,GMT-oNF-2,Acetonitrile,COc1ccc(P(=NC[C@@H](NC(=S)NC(=O)c2ccc3ccccc3c2)c2ccccc2)(c2ccc(OC)cc2)c2ccc(OC)cc2)cc1.CCO,30,25,CF,0.153,P(c1ccccc1)(c2ccccc2)c3ccccc3,GMT-oNF,300,87.0,-8.0,0,0,C(C)#N,41.053,-0.33,0.34,786.0,37.5,15.3,18.0,6.1,52.6,745.8820000000002,7.387500000000009,0,0,0,0,0,0,1,0,1,0,0.9403125,1.0,0.94278824,0.9906966,1.0,0.974759468,0.9368078189346852,1.0127111170653147
1,1,1,1,1,1,1,appcat,GMT-oNF-2,Acetonitrile,CC(C)[C@@H](CN(C)C)Nc1c(Nc2ccc3ccccc3c2-c2c(P(c3ccccc3)c3ccccc3)ccc3ccccc23)c(=S)c1=S.CC(OCC)=O,30,25,CF,0.153,P(c1ccccc1)(c2ccccc2)c3ccccc3,GMT-oNF,300,87.0,-8.0,0,0,C(C)#N,41.053,-0.33,0.34,786.0,37.5,15.3,18.0,6.1,52.6,782.028,11.06387999999999,0,0,0,0,0,0,1,0,1,0,0.9233508,0.94648564,0.94459796,0.94416654,1.0,0.951720188,0.9162134460897922,0.9872269299102079
2,2,2,2,2,2,2,appcat,GMT-oNF-2,Acetonitrile,COc1ccc(P(=NC[C@@H](NS(=O)(=O)NC[C@@]2(O)[C@H]([C@@H]3COC(C)(C)O3)O[C@H]3OC(C)(C)O[C@H]32)c2ccccc2)(c2ccc(OC)cc2)c2ccc(OC)cc2)cc1.CC1CCCO1,30,25,CF,0.153,P(c1ccccc1)(c2ccccc2)c3ccccc3,GMT-oNF,300,87.0,-8.0,0,0,C(C)#N,41.053,-0.33,0.34,786.0,37.5,15.3,18.0,6.1,52.6,924.063,5.299500000000008,0,0,0,0,0,0,1,0,1,0,0.9349495,1.0,0.9620025,1.0,1.0,0.9793904000000001,0.9423917322556526,1.0163890677443475
3,3,3,3,3,3,3,appcat,GMT-oNF-2,Acetonitrile,CCC(CC)(CC)NC(=S)N[C@H](CN=P(c1ccc(OC)cc1)(c1ccc(OC)cc1)c1ccc(OC)cc1)C(C)(C)C.N#CC,30,25,CF,0.153,P(c1ccccc1)(c2ccccc2)c3ccccc3,GMT-oNF,300,87.0,-8.0,0,0,C(C)#N,41.053,-0.33,0.34,786.0,37.5,15.3,18.0,6.1,52.6,664.897,7.567380000000009,0,0,0,0,0,0,1,0,1,0,0.923887,1.0,0.9444913,1.0,1.0,0.9736756599999999,0.9280136873556954,1.0193376326443044
4,4,4,4,4,4,4,appcat,GMT-oNF-2,Acetonitrile,CCCCC1(CCCC)C(=O)N=C(NC(=S)N[C@H](CN=P(c2ccc(OC)cc2)(c2ccc(OC)cc2)c2ccc(OC)cc2)C(C)(C)C)NC1=O.O,30,25,CF,0.153,P(c1ccccc1)(c2ccccc2)c3ccccc3,GMT-oNF,300,87.0,-8.0,0,0,C(C)#N,41.053,-0.33,0.34,786.0,37.5,15.3,18.0,6.1,52.6,765.9580000000001,5.623200000000007,0,0,0,0,0,0,1,0,1,0,0.92525184,1.0,0.93558896,1.0,1.0,0.9721681600000001,0.9246308592025956,1.0197054607974045
5,5,5,5,5,5,5,appcat,GMT-oNF-2,Acetonitrile,CN1C(=O)C[C@H]([C@H](Cc2ccccc2)NS(=O)(=O)Nc2ccc3ccccc3c2-c2c(P(c3ccccc3)c3ccccc3)ccc3ccccc23)N1C.CC(OCC)=O,30,25,CF,0.153,P(c1ccccc1)(c2ccccc2)c3ccccc3,GMT-oNF,300,87.0,-8.0,0,0,C(C)#N,41.053,-0.33,0.34,786.0,37.5,15.3,18.0,6.1,52.6,836.995,7.922700000000009,0,0,0,0,0,0,1,0,1,0,0.9506094,1.0,0.9409858,0.9910025,1.0,0.97651954,0.9411462664043361,1.0118928135956637
6,6,6,6,6,6,6,appcat,GMT-oNF-2,Acetonitrile,CCOC(=O)[C@H](C)C[C@@H](Cc1ccc(-c2ccccc2)cc1)Nc1c(N[C@H](CN=P(c2ccc(OC)cc2)(c2ccc(OC)cc2)c2ccc(OC)cc2)c2ccccc2)c(=O)c(=O)c1=O.N#CC,30,25,CF,0.153,P(c1ccccc1)(c2ccccc2)c3ccccc3,GMT-oNF,300,87.0,-8.0,0,0,C(C)#N,41.053,-0.33,0.34,786.0,37.5,15.3,18.0,6.1,52.6,945.066,8.808880000000004,0,0,0,0,0,0,1,0,1,0,0.9587631,1.0,0.9552169,1.0,1.0,0.9827960000000001,0.9535040443380142,1.012087955661986
7,7,7,7,7,7,7,appcat,GMT-oNF-2,Acetonitrile,O=c1c(NCCCl)c(Nc2ccc3ccccc3c2-c2c(P(c3ccccc3)c3ccccc3)ccc3ccccc23)c(=O)c1=O.O=CN(C)C,30,25,CF,0.153,P(c1ccccc1)(c2ccccc2)c3ccccc3,GMT-oNF,300,87.0,-8.0,0,0,C(C)#N,41.053,-0.33,0.34,786.0,37.5,15.3,18.0,6.1,52.6,712.1860000000001,6.473100000000008,0,0,0,0,0,0,1,0,1,0,0.9978735,0.9832234,0.91136986,0.94732726,1.0,0.9679588039999999,0.9207490129992002,1.0151685950007996
8,8,8,8,8,8,8,appcat,GMT-oNF-2,Acetonitrile,O=c1c(Nc2ccc(Cl)c(C(F)(F)F)c2)c1Nc1ccc2ccccc2c1-c1c(P(c2ccccc2)c2ccccc2)ccc2ccccc12.CC(C)=O,30,25,CF,0.153,P(c1ccccc1)(c2ccccc2)c3ccccc3,GMT-oNF,300,87.0,-8.0,0,0,C(C)#N,41.053,-0.33,0.34,786.0,37.5,15.3,18.0,6.1,52.6,757.192,11.408699999999984,0,0,0,0,0,0,1,0,1,0,0.9454884,0.94079685,0.9243374,0.9608855,1.0,0.95430163,0.9186938132611748,0.9899094467388252
9,9,9,9,9,9,9,appcat,GMT-oNF-2,Acetonitrile,O=c1c(NCC(F)(F)F)c(N[PH](c2ccccc2)(c2ccccc2)c2ccccc2)c1=O.O,30,25,CF,0.153,P(c1ccccc1)(c2ccccc2)c3ccccc3,GMT-oNF,300,87.0,-8.0,0,0,C(C)#N,41.053,-0.33,0.34,786.0,37.5,15.3,18.0,6.1,52.6,474.4190000000002,2.4854000000000003,0,0,0,0,0,0,1,0,1,0,0.8020647,0.783676,0.8343178,0.8811848,0.8166994,0.82358854,0.7773951640164404,0.8697819159835597
10,10,10,10,10,10,10,appcat,GMT-oNF-2,Acetonitrile,CC(C)(C)Nc1c(Nc2ccc3ccccc3c2-c2c(P(c3ccccc3)c3ccccc3)ccc3ccccc23)c1=O.CC1CCCO1,30,25,CF,0.153,P(c1ccccc1)(c2ccccc2)c3ccccc3,GMT-oNF,300,87.0,-8.0,0,0,C(C)#N,41.053,-0.33,0.34,786.0,37.5,15.3,18.0,6.1,52.6,662.814,9.7933,0,0,0,0,0,0,1,0,1,0,0.9390496,0.92029417,0.8969233,0.90835345,1.0,0.9329241039999999,0.8825028071780592,0.9833454008219407
11,11,11,11,11,11,11,appcat,GMT-oNF-2,Acetonitrile,CCC(CC)(CC)NC(=S)N[C@H](CN=P(c1ccc(OC)cc1)(c1ccc(OC)cc1)c1ccc(OC)cc1)C(C)(C)C.CCO,30,25,CF,0.153,P(c1ccccc1)(c2ccccc2)c3ccccc3,GMT-oNF,300,87.0,-8.0,0,0,C(C)#N,41.053,-0.33,0.34,786.0,37.5,15.3,18.0,6.1,52.6,669.9130000000001,7.036100000000008,0,0,0,0,0,0,1,0,1,0,0.9258487,1.0,0.9485971,1.0,1.0,0.97488916,0.9310428500999008,1.0187354699000992
12,12,12,12,12,12,12,appcat,GMT-oNF-2,Acetonitrile,COc1ccc(P(=NC[C@@H](NC(=O)NCC(F)(F)F)c2ccccc2)(c2ccc(OC)cc2)c2ccc(OC)cc2)cc1.CC1=CC=CC=C1,30,25,CF,0.153,P(c1ccccc1)(c2ccccc2)c3ccccc3,GMT-oNF,300,87.0,-8.0,0,0,C(C)#N,41.053,-0.33,0.34,786.0,37.5,15.3,18.0,6.1,52.6,703.7420000000002,7.787720000000007,0,0,0,0,0,0,1,0,1,0,0.9440745,1.0,0.933424,1.0,1.0,0.9754997,0.933582266229595,1.017417133770405
13,13,13,13,13,13,13,appcat,GMT-oNF-2,Acetonitrile,CCCCNC(=O)c1cccc(CNS(=O)(=O)N[C@H](CN=P(c2ccc(OC)cc2)(c2ccc(OC)cc2)c2ccc(OC)cc2)c2ccccc2)n1.CO,30,25,CF,0.153,P(c1ccccc1)(c2ccccc2)c3ccccc3,GMT-oNF,300,87.0,-8.0,0,0,C(C)#N,41.053,-0.33,0.34,786.0,37.5,15.3,18.0,6.1,52.6,787.9200000000001,5.088800000000004,0,0,0,0,0,0,1,0,1,0,0.88323843,1.0,0.9357187,1.0,1.0,0.963791426,0.8980592842655508,1.0295235677344492
14,14,14,14,14,14,14,appcat,GMT-oNF-2,Acetonitrile,COc1ccc(P(=NC[C@@H](Nc2c(NC(C)(C)C)c2=O)C(C)(C)C)(c2ccc(OC)cc2)c2ccc(OC)cc2)cc1.CO,30,25,CF,0.153,P(c1ccccc1)(c2ccccc2)c3ccccc3,GMT-oNF,300,87.0,-8.0,0,0,C(C)#N,41.053,-0.33,0.34,786.0,37.5,15.3,18.0,6.1,52.6,621.7590000000004,5.771400000000007,0,0,0,0,0,0,1,0,1,0,0.93061733,0.9522107,0.92934036,0.9909332,1.0,0.9606203179999999,0.9193503180922469,1.001890317907753
15,15,15,15,15,15,15,appcat,GMT-oNF-2,Acetonitrile,COc1ccc(P(=NC[C@@H](Nc2c(NCCCn3ccnc3)c(=S)c2=S)C(C)(C)C)(c2ccc(OC)cc2)c2ccc(OC)cc2)cc1.CO,30,25,CF,0.153,P(c1ccccc1)(c2ccccc2)c3ccccc3,GMT-oNF,300,87.0,-8.0,0,0,C(C)#N,41.053,-0.33,0.34,786.0,37.5,15.3,18.0,6.1,52.6,733.9410000000001,7.358480000000008,0,0,0,0,0,0,1,0,1,0,0.9191718,1.0,0.939267,1.0,1.0,0.97168776,0.9227491028339764,1.0206264171660238
16,16,16,16,16,16,16,appcat,GMT-oNF-2,Acetonitrile,CCN(CC)c1ccc2ccccc2c1-c1c(NC(=O)N[C@H](CN=P(c2ccc(OC)cc2)(c2ccc(OC)cc2)c2ccc(OC)cc2)C(C)(C)C)ccc2ccccc12.CC(C)=O,30,25,CF,0.153,P(c1ccccc1)(c2ccccc2)c3ccccc3,GMT-oNF,300,87.0,-8.0,0,0,C(C)#N,41.053,-0.33,0.34,786.0,37.5,15.3,18.0,6.1,52.6,891.1059999999999,11.841199999999985,0,0,0,0,0,0,1,0,1,0,0.90965366,1.0,0.9613879,1.0,1.0,0.974208312,0.9248246499714656,1.0235919740285344
17,17,17,17,17,17,17,appcat,GMT-oNF-2,Acetonitrile,COc1ccc(P(=NC[C@@H](NC(=S)Nc2ccc(Br)cc2)C(C)(C)C)(c2ccc(OC)cc2)c2ccc(OC)cc2)cc1.CC1CCCO1,30,25,CF,0.153,P(c1ccccc1)(c2ccccc2)c3ccccc3,GMT-oNF,300,87.0,-8.0,0,0,C(C)#N,41.053,-0.33,0.34,786.0,37.5,15.3,18.0,6.1,52.6,766.783,8.539000000000005,0,0,0,0,0,0,1,0,1,0,0.9262278,1.0,0.9472027,0.9786978,1.0,0.9704256600000001,0.929665459210156,1.0111858607898443
18,18,18,18,18,18,18,appcat,GMT-oNF-2,Acetonitrile,COc1ccc(P(=NC[C@@H](NC(=O)NCC(N)=O)c2ccccc2)(c2ccc(OC)cc2)c2ccc(OC)cc2)cc1.CO,30,25,CF,0.153,P(c1ccccc1)(c2ccccc2)c3ccccc3,GMT-oNF,300,87.0,-8.0,0,0,C(C)#N,41.053,-0.33,0.34,786.0,37.5,15.3,18.0,6.1,52.6,618.6710000000003,3.3242000000000016,0,0,0,0,0,0,1,0,1,0,0.9572785,1.0,0.9219769,1.0,1.0,0.97585108,0.9319653314592825,1.0197368285407176
19,19,19,19,19,19,19,appcat,GMT-oNF-2,Acetonitrile,CCCCc1ccc(NC(=S)Nc2ccc3ccccc3c2-c2c(P(c3ccccc3)c3ccccc3)ccc3ccccc23)cc1.CCO,30,25,CF,0.153,P(c1ccccc1)(c2ccccc2)c3ccccc3,GMT-oNF,300,87.0,-8.0,0,0,C(C)#N,41.053,-0.33,0.34,786.0,37.5,15.3,18.0,6.1,52.6,690.8930000000001,10.56829999999999,0,0,0,0,0,0,1,0,1,0,0.92412794,0.96332955,0.87630856,0.92243576,1.0,0.937240362,0.8792558024378793,0.9952249215621208
20,20,20,20,20,20,20,appcat,GMT-oNF-2,Acetonitrile,C[C@H](NC(=O)Nc1ccc2ccccc2c1-c1c(P(c2ccccc2)c2ccccc2)ccc2ccccc12)c1ccc(Br)cc1.CCO,30,25,CF,0.153,P(c1ccccc1)(c2ccccc2)c3ccccc3,GMT-oNF,300,87.0,-8.0,0,0,C(C)#N,41.053,-0.33,0.34,786.0,37.5,15.3,18.0,6.1,52.6,725.667,10.061999999999994,0,0,0,0,0,0,1,0,1,0,0.9550402,0.99678934,0.8934689,0.95783806,1.0,0.9606273,0.9071955214820725,1.0140590785179273
21,21,21,21,21,21,21,appcat,GMT-oNF-2,Acetonitrile,COc1ccc(P(=NC[C@@H](NC(=O)NCC(F)(F)F)c2ccccc2)(c2ccc(OC)cc2)c2ccc(OC)cc2)cc1.CC(OCC)=O,30,25,CF,0.153,P(c1ccccc1)(c2ccccc2)c3ccccc3,GMT-oNF,300,87.0,-8.0,0,0,C(C)#N,41.053,-0.33,0.34,786.0,37.5,15.3,18.0,6.1,52.6,699.7070000000001,6.362100000000006,0,0,0,0,0,0,1,0,1,0,0.9379506,1.0,0.93486524,1.0,1.0,0.9745631679999999,0.9312937924969881,1.0178325435030116
22,22,22,22,22,22,22,appcat,GMT-oNF-2,Acetonitrile,S=C(NC(c1ccccc1)(c1ccccc1)c1ccccc1)N[PH](c1ccccc1)(c1ccccc1)c1ccccc1.CO,30,25,CF,0.153,P(c1ccccc1)(c2ccccc2)c3ccccc3,GMT-oNF,300,87.0,-8.0,0,0,C(C)#N,41.053,-0.33,0.34,786.0,37.5,15.3,18.0,6.1,52.6,612.7790000000001,6.69250000000001,0,0,0,0,0,0,1,0,1,0,0.8017994,0.89380383,0.8487839,0.901533,0.8334144,0.8558669059999999,0.8039162810067786,0.9078175309932213
23,23,23,23,23,23,23,appcat,GMT-oNF-2,Acetonitrile,CCCCCOC(=O)Nc1c(N[C@H](CN=P(c2ccc(OC)cc2)(c2ccc(OC)cc2)c2ccc(OC)cc2)c2ccccc2)c(=S)c1=S.CC(OCC)=O,30,25,CF,0.153,P(c1ccccc1)(c2ccccc2)c3ccccc3,GMT-oNF,300,87.0,-8.0,0,0,C(C)#N,41.053,-0.33,0.34,786.0,37.5,15.3,18.0,6.1,52.6,815.995,9.685979999999995,0,0,0,0,0,0,1,0,1,0,0.898372,1.0,0.954087,1.0,1.0,0.9704917999999999,0.9146770192198063,1.0263065807801934
24,24,24,24,24,24,24,appcat,GMT-oNF-2,Acetonitrile,CCN(CC)P(=O)(Nc1c(N[C@H](CN=P(c2ccc(OC)cc2)(c2ccc(OC)cc2)c2ccc(OC)cc2)C(C)(C)C)c(=O)c(=O)c1=O)N(C)C=O.O=CN(C)C,30,25,CF,0.153,P(c1ccccc1)(c2ccccc2)c3ccccc3,GMT-oNF,300,87.0,-8.0,0,0,C(C)#N,41.053,-0.33,0.34,786.0,37.5,15.3,18.0,6.1,52.6,838.88,4.327300000000005,0,0,0,0,0,0,1,0,1,0,0.930656,0.9941858,0.9251515,1.0,1.0,0.9699986599999999,0.9221329911743277,1.0178643288256721
25,25,25,25,25,25,25,appcat,GMT-oNF-2,Acetonitrile,CCCCc1ccc(NC(=S)Nc2ccc3ccccc3c2-c2c(P(c3ccccc3)c3ccccc3)ccc3ccccc23)cc1.CC(OCC)=O,30,25,CF,0.153,P(c1ccccc1)(c2ccccc2)c3ccccc3,GMT-oNF,300,87.0,-8.0,0,0,C(C)#N,41.053,-0.33,0.34,786.0,37.5,15.3,18.0,6.1,52.6,732.9300000000001,11.13909999999999,0,0,0,0,0,0,1,0,1,0,0.92310095,0.9602086,0.90006506,0.93001604,1.0,0.94267813,0.8947790909059508,0.9905771690940492
26,26,26,26,26,26,26,appcat,GMT-oNF-2,Acetonitrile,COc1ccc(P(=NC[C@@H](NC(=S)Nc2ccc(Br)cc2)C(C)(C)C)(c2ccc(OC)cc2)c2ccc(OC)cc2)cc1.CC1=CC=CC=C1,30,25,CF,0.153,P(c1ccccc1)(c2ccccc2)c3ccccc3,GMT-oNF,300,87.0,-8.0,0,0,C(C)#N,41.053,-0.33,0.34,786.0,37.5,15.3,18.0,6.1,52.6,772.7900000000002,9.34872,0,0,0,0,0,0,1,0,1,0,0.9249916,1.0,0.948454,0.982607,1.0,0.97121052,0.9298349859615203,1.0125860540384797
27,27,27,27,27,27,27,appcat,GMT-oNF-2,Acetonitrile,COc1ccc(P(=NC[C@@H](Nc2c(NCCN(Cc3ccccn3)Cc3ccccn3)c2=O)c2ccccc2)(c2ccc(OC)cc2)c2ccc(OC)cc2)cc1.CC1CCCO1,30,25,CF,0.153,P(c1ccccc1)(c2ccccc2)c3ccccc3,GMT-oNF,300,87.0,-8.0,0,0,C(C)#N,41.053,-0.33,0.34,786.0,37.5,15.3,18.0,6.1,52.6,865.028,8.368700000000008,0,0,0,0,0,0,1,0,1,0,0.93507814,1.0,0.9442109,1.0,1.0,0.975857808,0.9346154733004931,1.0171001426995068
28,28,28,28,28,28,28,appcat,GMT-oNF-2,Acetonitrile,Cc1ccc(-c2n[nH]c(Nc3c(NC[C@]45C[C@H]6C[C@H](C[C@H](C6)C4)C5)c(=O)c(=O)c3=O)n2)cc1.CC(OCC)=O,30,25,CF,0.153,CC12CC3CC(C2)CC(C3)C1,GMT-oNF,300,87.0,-8.0,0,0,C(C)#N,41.053,-0.33,0.34,786.0,37.5,15.3,18.0,6.1,52.6,533.6290000000005,3.677620000000002,0,0,0,0,0,0,1,0,1,0,0.91169846,0.93611324,0.91795695,1.0,1.0,0.95315373,0.8988997012787281,1.007407758721272
29,29,29,29,29,29,29,appcat,GMT-oNF-2,Acetonitrile,O=c1c(NC[C@]23C[C@H]4C[C@H](C[C@H](C4)C2)C3)c(NC(=Nc2cc([N+](=O)[O-])ccc2Cl)c2ccccc2)c(=O)c1=O.O=CN(C)C,30,25,CF,0.153,CC12CC3CC(C2)CC(C3)C1,GMT-oNF,300,87.0,-8.0,0,0,C(C)#N,41.053,-0.33,0.34,786.0,37.5,15.3,18.0,6.1,52.6,620.1060000000001,4.7275000000000045,0,0,0,0,0,0,1,0,1,0,0.93288445,0.958549,0.9313593,1.0,1.0,0.9645585499999999,0.9222064018247247,1.0069106981752751
30,30,30,30,30,30,30,appcat,GMT-oNF-2,Acetonitrile,O=c1c(NC[C@]23C[C@H]4C[C@H](C[C@H](C4)C2)C3)c1Nc1ccccc1.O=CN(C)C,30,25,CF,0.153,CC12CC3CC(C2)CC(C3)C1,GMT-oNF,300,87.0,-8.0,0,0,C(C)#N,41.053,-0.33,0.34,786.0,37.5,15.3,18.0,6.1,52.6,381.52,3.998700000000002,0,0,0,0,0,0,1,0,1,0,0.91103256,0.8151969,0.895871,0.9789319,1.0,0.9202064719999999,0.829134270875788,1.011278673124212
31,31,31,31,31,31,31,appcat,GMT-oNF-2,Acetonitrile,O=c1c(NCc2cccs2)c(NC[C@]23C[C@H]4C[C@H](C[C@H](C4)C2)C3)c(=O)c1=O.CC(OCC)=O,30,25,CF,0.153,CC12CC3CC(C2)CC(C3)C1,GMT-oNF,300,87.0,-8.0,0,0,C(C)#N,41.053,-0.33,0.34,786.0,37.5,15.3,18.0,6.1,52.6,472.6070000000004,3.5141000000000027,0,0,0,0,0,0,1,0,1,0,0.9313508,0.9338476,0.924338,0.9786985,1.0,0.95364698,0.9118878587241561,0.995406101275844
32,32,32,32,32,32,32,appcat,GMT-oNF-2,Acetonitrile,O=C(NC(=S)NCN1CCCCC1)[C@]12C[C@H]3C[C@H](C[C@H](C3)C1)C2.N#CC,30,25,CF,0.153,CC12CC3CC(C2)CC(C3)C1,GMT-oNF,300,87.0,-8.0,0,0,C(C)#N,41.053,-0.33,0.34,786.0,37.5,15.3,18.0,6.1,52.6,376.57000000000016,3.166780000000001,0,0,0,0,0,0,1,0,1,0,0.93775976,0.8692092,0.89546716,0.9496432,1.0,0.9304158640000001,0.86761281420446,0.9932189137955402
33,33,33,33,33,33,33,appcat,GMT-oNF-2,Acetonitrile,O=C(O)CNC(=O)CNc1c(NC(=O)[C@]23C[C@H]4C[C@H](C[C@H](C4)C2)C3)c(=O)c(=O)c1=O.CC(OCC)=O,30,25,CF,0.153,CC12CC3CC(C2)CC(C3)C1,GMT-oNF,300,87.0,-8.0,0,0,C(C)#N,41.053,-0.33,0.34,786.0,37.5,15.3,18.0,6.1,52.6,505.52400000000046,-0.0201999999999984,0,0,0,0,0,0,1,0,1,0,0.7383531,0.971985,0.94097,1.0,1.0,0.9302616199999999,0.7936626748724189,1.0668605651275809
34,34,34,34,34,34,34,appcat,GMT-oNF-2,Acetonitrile,O=C1[C@@H](Nc2c(Nc3c(F)cc(F)cc3F)c(=S)c2=S)C(=O)N(c2ccccc2)c2ccccc2N1C[C@]12C[C@H]3C[C@H](C[C@H](C3)C1)C2.CC1CCCO1,30,25,CF,0.153,CC12CC3CC(C2)CC(C3)C1,GMT-oNF,300,87.0,-8.0,0,0,C(C)#N,41.053,-0.33,0.34,786.0,37.5,15.3,18.0,6.1,52.6,758.9319999999994,10.075779999999996,0,0,0,0,0,0,1,0,1,0,0.96584415,0.950953,0.94656074,1.0,1.0,0.9726715779999999,0.9404494309491356,1.0048937250508643
35,35,35,35,35,35,35,appcat,GMT-oNF-2,Acetonitrile,O=C(O)[C@H](CO)NC(=S)NC[C@]12C[C@H]3C[C@H](C[C@H](C3)C1)C2.O,30,25,CF,0.153,CC12CC3CC(C2)CC(C3)C1,GMT-oNF,300,87.0,-8.0,0,0,C(C)#N,41.053,-0.33,0.34,786.0,37.5,15.3,18.0,6.1,52.6,330.45000000000016,0.2876999999999997,0,0,0,0,0,0,1,0,1,0,0.8984425,0.89122623,0.8737389,0.9632771,1.0,0.925336946,0.858577332276427,0.9920965597235731
36,36,36,36,36,36,36,appcat,GMT-oNF-2,Acetonitrile,CO[C@H](c1ccccc1)[C@H](C)Nc1c(NC(=O)[C@]23C[C@H]4C[C@H](C[C@H](C4)C2)C3)c(=O)c1=O.CO,30,25,CF,0.153,CC12CC3CC(C2)CC(C3)C1,GMT-oNF,300,87.0,-8.0,0,0,C(C)#N,41.053,-0.33,0.34,786.0,37.5,15.3,18.0,6.1,52.6,454.5670000000004,3.234100000000002,0,0,0,0,0,0,1,0,1,0,0.89267033,0.90562975,0.9200144,1.0,1.0,0.943662896,0.8786865112532765,1.0086392807467235
37,37,37,37,37,37,37,appcat,GMT-oNF-2,Acetonitrile,CC(=O)N[C@@H](Cc1ccccc1)NS(=O)(=O)NC(=O)C12C[C@H]3C[C@@H](C1)C[C@@H](C2)C3.CC(C)=O,30,25,CF,0.153,CC12CC3CC(C2)CC(C3)C1,GMT-oNF,300,87.0,-8.0,0,0,C(C)#N,41.053,-0.33,0.34,786.0,37.5,15.3,18.0,6.1,52.6,477.62700000000046,2.453599999999999,0,0,0,0,0,0,1,0,1,0,0.9022362,0.9720794,0.94403166,0.97334635,1.0,0.958338722,0.912288711069166,1.004388732930834
38,38,38,38,38,38,38,appcat,GMT-oNF-2,Acetonitrile,O=C(NC[C@]12C[C@H]3C[C@H](C[C@H](C3)C1)C2)Nc1ccc2cccnc2c1O.O,30,25,CF,0.153,CC12CC3CC(C2)CC(C3)C1,GMT-oNF,300,87.0,-8.0,0,0,C(C)#N,41.053,-0.33,0.34,786.0,37.5,15.3,18.0,6.1,52.6,369.4650000000001,3.453600000000003,0,0,0,0,0,0,1,0,1,0,0.8827416,0.91157186,0.88439065,1.0,1.0,0.935740822,0.8615302815621364,1.0099513624378635
39,39,39,39,39,39,39,appcat,GMT-oNF-2,Acetonitrile,C[NH+](C)[C@@H]1CCCC[C@@H]1Nc1c(N[C@@H]2C(=O)N(C[C@]34C[C@H]5C[C@H](C[C@H](C5)C3)C4)c3ccccc3N(c3ccccc3)C2=O)c(=O)c1=O.CO,30,25,CF,0.153,CC12CC3CC(C2)CC(C3)C1,GMT-oNF,300,87.0,-8.0,0,0,C(C)#N,41.053,-0.33,0.34,786.0,37.5,15.3,18.0,6.1,52.6,668.8590000000005,3.4671000000000025,0,0,0,0,0,0,1,0,1,0,0.9508253,0.9610754,0.9359472,1.0,1.0,0.9695695799999999,0.9333373198375552,1.0058018401624447
40,40,40,40,40,40,40,appcat,GMT-oNF-2,Acetonitrile,CC(C)C[C@H](NC(=O)OC(C)(C)C)NC(=S)NC[C@]12C[C@H]3C[C@H](C[C@H](C3)C1)C2.CC1CCCO1,30,25,CF,0.153,CC12CC3CC(C2)CC(C3)C1,GMT-oNF,300,87.0,-8.0,0,0,C(C)#N,41.053,-0.33,0.34,786.0,37.5,15.3,18.0,6.1,52.6,495.7740000000005,5.749100000000006,0,0,0,0,0,0,1,0,1,0,0.9234592,0.94822115,0.9136236,0.94154096,1.0,0.9453689820000001,0.903744779553042,0.9869931844469582
41,41,41,41,41,41,41,appcat,GMT-oNF-2,Acetonitrile,O=c1c(NC[C@]23C[C@H]4C[C@H](C[C@H](C4)C2)C3)c(Nc2cccs2)c(=O)c1=O.CCO,30,25,CF,0.153,CC12CC3CC(C2)CC(C3)C1,GMT-oNF,300,87.0,-8.0,0,0,C(C)#N,41.053,-0.33,0.34,786.0,37.5,15.3,18.0,6.1,52.6,416.5430000000001,3.074800000000002,0,0,0,0,0,0,1,0,1,0,0.9151391,0.8935557,0.9145808,0.9923296,1.0,0.9431210400000001,0.8819416589406578,1.0043004210593423
42,42,42,42,42,42,42,appcat,GMT-oNF-2,Acetonitrile,NC(=O)[C@H](Cc1ccccc1)Nc1c(NC[C@]23C[C@H]4C[C@H](C[C@H](C4)C2)C3)c(=S)c1=S.CC1=CC=CC=C1,30,25,CF,0.153,CC12CC3CC(C2)CC(C3)C1,GMT-oNF,300,87.0,-8.0,0,0,C(C)#N,41.053,-0.33,0.34,786.0,37.5,15.3,18.0,6.1,52.6,531.7910000000004,7.153000000000006,0,0,0,0,0,0,1,0,1,0,0.9115453,0.974951,0.9335722,0.98571396,1.0,0.961156492,0.9150125952300516,1.0073003887699483
43,43,43,43,43,43,43,appcat,GMT-oNF-2,Acetonitrile,O=C1[C@@H](NS(=O)(=O)Nc2ccc(Cl)cn2)C(=O)N(c2ccccc2)c2ccccc2N1C[C@]12C[C@H]3C[C@H](C[C@H](C3)C1)C2.CC(C)=O,30,25,CF,0.153,CC12CC3CC(C2)CC(C3)C1,GMT-oNF,300,87.0,-8.0,0,0,C(C)#N,41.053,-0.33,0.34,786.0,37.5,15.3,18.0,6.1,52.6,664.228,5.873100000000006,0,0,0,0,0,0,1,0,1,0,0.94846785,0.97412264,0.9369146,1.0,1.0,0.9719010180000002,0.9359291526851813,1.007872883314819
44,44,44,44,44,44,44,appcat,GMT-oNF-2,Acetonitrile,O=S(=O)(NC[C@@H]1CCC2=NN(c3ccccc3)[C]N21)NC[C@]12C[C@H]3C[C@H](C[C@H](C3)C1)C2.N#CC,30,25,CF,0.153,CC12CC3CC(C2)CC(C3)C1,GMT-oNF,300,87.0,-8.0,0,0,C(C)#N,41.053,-0.33,0.34,786.0,37.5,15.3,18.0,6.1,52.6,482.6540000000004,3.4510700000000014,0,0,0,0,0,0,1,0,1,0,0.8446398,0.9640439,0.90609956,1.0,1.0,0.942956652,0.8597160500781962,1.0261972539218038
45,45,45,45,45,45,45,appcat,GMT-oNF-2,Acetonitrile,CC(C)C[C@H](NC(=O)OC(C)(C)C)NC(=S)NC[C@]12C[C@H]3C[C@H](C[C@H](C3)C1)C2.N#CC,30,25,CF,0.153,CC12CC3CC(C2)CC(C3)C1,GMT-oNF,300,87.0,-8.0,0,0,C(C)#N,41.053,-0.33,0.34,786.0,37.5,15.3,18.0,6.1,52.6,450.6930000000004,5.093680000000004,0,0,0,0,0,0,1,0,1,0,0.92059565,0.9502652,0.9098643,0.9597314,1.0,0.94809131,0.9039639742377247,0.9922186457622754
46,46,46,46,46,46,46,appcat,GMT-oNF-2,Acetonitrile,Cc1ccc(S(=O)(=O)[C@H](NC(=O)N[C@@H]2C(=O)N(C[C@]34C[C@H]5C[C@H](C[C@H](C5)C3)C4)c3ccccc3N(c3ccccc3)C2=O)c2ccccc2)cc1.CO,30,25,CF,0.153,CC12CC3CC(C2)CC(C3)C1,GMT-oNF,300,87.0,-8.0,0,0,C(C)#N,41.053,-0.33,0.34,786.0,37.5,15.3,18.0,6.1,52.6,734.9190000000006,6.671720000000008,0,0,0,0,0,0,1,0,1,0,0.9162836,1.0,0.95212156,1.0,1.0,0.973681032,0.9262479222718101,1.02111414172819
47,47,47,47,47,47,47,appcat,GMT-oNF-2,Acetonitrile,O=C1[C@@H](Nc2c(Nc3c(F)cc(F)cc3F)c(=S)c2=S)C(=O)N(c2ccccc2)c2ccccc2N1C[C@]12C[C@H]3C[C@H](C[C@H](C3)C1)C2.O=CN(C)C,30,25,CF,0.153,CC12CC3CC(C2)CC(C3)C1,GMT-oNF,300,87.0,-8.0,0,0,C(C)#N,41.053,-0.33,0.34,786.0,37.5,15.3,18.0,6.1,52.6,745.8929999999996,8.594880000000005,0,0,0,0,0,0,1,0,1,0,0.97868717,0.9483092,0.9450011,1.0,1.0,0.974399494,0.9411161526681386,1.0076828353318614
48,48,48,48,48,48,48,appcat,GMT-oNF-2,Acetonitrile,O=c1c(NC[C@]23C[C@H]4C[C@H](C[C@H](C4)C2)C3)c(Nc2cc(-c3ccccn3)cc(-c3ccccn3)c2)c(=O)c1=O.O=CN(C)C,30,25,CF,0.153,CC12CC3CC(C2)CC(C3)C1,GMT-oNF,300,87.0,-8.0,0,0,C(C)#N,41.053,-0.33,0.34,786.0,37.5,15.3,18.0,6.1,52.6,591.7120000000001,4.843100000000004,0,0,0,0,0,0,1,0,1,0,0.94485414,0.97410154,0.92764467,1.0,1.0,0.96932007,0.928890608550868,1.009749531449132
49,49,49,49,49,49,49,appcat,GMT-oNF-2,Acetonitrile,CC(C)(C)[C@H](Nc1c(NC(=O)C23C[C@H]4C[C@@H](C2)C[C@@H](C3)C4)c1=O)C(=O)N[C@]12C[C@H]3C[C@H](C[C@H](C3)C1)C2.CC1CCCO1,30,25,CF,0.153,CC12CC3CC(C2)CC(C3)C1,GMT-oNF,300,87.0,-8.0,0,0,C(C)#N,41.053,-0.33,0.34,786.0,37.5,15.3,18.0,6.1,52.6,579.8260000000002,6.174200000000006,0,0,0,0,0,0,1,0,1,0,0.89101017,0.9627867,0.9509959,0.9733738,1.0,0.955633314,0.9054573547711985,1.0058092732288015
50,50,50,50,50,50,50,appcat,GMT-oNF-2,Acetonitrile,Cc1cccc(Nc2c(N[C@@H]3C(=O)N(C[C@]45C[C@H]6C[C@H](C[C@H](C6)C4)C5)c4ccccc4N(c4ccccc4)C3=O)c(=O)c(=O)c2=O)n1.O=CN(C)C,30,25,CF,0.153,CC12CC3CC(C2)CC(C3)C1,GMT-oNF,300,87.0,-8.0,0,0,C(C)#N,41.053,-0.33,0.34,786.0,37.5,15.3,18.0,6.1,52.6,702.8120000000001,4.502620000000004,0,0,0,0,0,0,1,0,1,0,0.957844,0.96096766,0.9250113,1.0,1.0,0.968764592,0.9292760483538678,1.0082531356461322
51,51,51,51,51,51,51,appcat,GMT-oNF-2,Acetonitrile,C=C[C@@H]1CN2CC[C@@H]1C[C@@H]2[C@H](Nc1c(NC[C@]23C[C@H]4C[C@H](C[C@H](C4)C2)C3)c(=S)c1=S)c1ccnc2ccc(OC)cc12.CC1CCCO1,30,25,CF,0.153,CC12CC3CC(C2)CC(C3)C1,GMT-oNF,300,87.0,-8.0,0,0,C(C)#N,41.053,-0.33,0.34,786.0,37.5,15.3,18.0,6.1,52.6,685.0160000000001,9.44118,0,0,0,0,0,0,1,0,1,0,0.8853148,0.96307224,0.9455622,0.9969058,1.0,0.9581710080000001,0.9001271010902773,1.016214914909723
52,52,52,52,52,52,52,appcat,GMT-oNF-2,Acetonitrile,CCO[Si](CCCNS(=O)(=O)N[C@@H]1C(=O)N(C[C@]23C[C@H]4C[C@H](C[C@H](C4)C2)C3)c2ccccc2N(c2ccccc2)C1=O)(OCC)OCC.CC1=CC=CC=C1,30,25,CF,0.153,CC12CC3CC(C2)CC(C3)C1,GMT-oNF,300,87.0,-8.0,0,0,C(C)#N,41.053,-0.33,0.34,786.0,37.5,15.3,18.0,6.1,52.6,791.1000000000003,7.140420000000009,0,0,0,0,0,0,1,0,1,0,0.9163063,0.99539924,0.9485282,1.0,1.0,0.972046748,0.9248952744684256,1.0191982215315745
53,53,53,53,53,53,53,appcat,GMT-oNF-2,Acetonitrile,C=C[C@H]1CN2CC[C@H]1C[C@H]2[C@H](Nc1c(NC(=O)C23C[C@H]4C[C@@H](C2)C[C@@H](C3)C4)c(=S)c1=S)c1ccnc2ccc(OC)cc12.O=CN(C)C,30,25,CF,0.153,CC12CC3CC(C2)CC(C3)C1,GMT-oNF,300,87.0,-8.0,0,0,C(C)#N,41.053,-0.33,0.34,786.0,37.5,15.3,18.0,6.1,52.6,685.9600000000002,7.486880000000009,0,0,0,0,0,0,1,0,1,0,0.91247916,0.94762176,0.9611317,0.9795663,1.0,0.960159784,0.918999773094801,1.001319794905199
54,54,54,54,54,54,54,appcat,GMT-oNF-2,Acetonitrile,O=C1CCCC[C@H]1CNS(=O)(=O)NC(=O)C12C[C@H]3C[C@@H](C1)C[C@@H](C2)C3.CCO,30,25,CF,0.153,CC12CC3CC(C2)CC(C3)C1,GMT-oNF,300,87.0,-8.0,0,0,C(C)#N,41.053,-0.33,0.34,786.0,37.5,15.3,18.0,6.1,52.6,414.5680000000003,1.9113,0,0,0,0,0,0,1,0,1,0,0.8727091,0.8298185,0.9250021,0.96194476,1.0,0.917894892,0.8333810735491461,1.002408710450854
55,55,55,55,55,55,55,appcat,GMT-oNF-2,Acetonitrile,O=C(Nc1c(N[C@@H](CCc2ccccc2)P(=O)(Oc2ccccc2)Oc2ccccc2)c1=O)C12C[C@H]3C[C@@H](C1)C[C@@H](C2)C3.CO,30,25,CF,0.153,CC12CC3CC(C2)CC(C3)C1,GMT-oNF,300,87.0,-8.0,0,0,C(C)#N,41.053,-0.33,0.34,786.0,37.5,15.3,18.0,6.1,52.6,628.706,7.407700000000007,0,0,0,0,0,0,1,0,1,0,0.88818026,0.98820984,0.92680573,0.98756963,1.0,0.9581530919999999,0.8979651704116307,1.018341013588369
56,56,56,56,56,56,56,appcat,GMT-oNF-2,Acetonitrile,CCCCCNS(=O)(=O)NC(=O)C12C[C@H]3C[C@@H](C1)C[C@@H](C2)C3.CC(C)=O,30,25,CF,0.153,CC12CC3CC(C2)CC(C3)C1,GMT-oNF,300,87.0,-8.0,0,0,C(C)#N,41.053,-0.33,0.34,786.0,37.5,15.3,18.0,6.1,52.6,386.5580000000002,2.938900000000001,0,0,0,0,0,0,1,0,1,0,0.85584116,0.85711956,0.93022645,0.9522666,1.0,0.919090754,0.8415193258248888,0.9966621821751112
57,57,57,57,57,57,57,appcat,GMT-oNF-2,Acetonitrile,O=C(Nc1c(Nc2c(F)cc(F)cc2Br)c(=O)c1=O)C12C[C@H]3C[C@@H](C1)C[C@@H](C2)C3.CC(C)=O,30,25,CF,0.153,CC12CC3CC(C2)CC(C3)C1,GMT-oNF,300,87.0,-8.0,0,0,C(C)#N,41.053,-0.33,0.34,786.0,37.5,15.3,18.0,6.1,52.6,523.3740000000005,4.817100000000004,0,0,0,0,0,0,1,0,1,0,0.9392232,0.89786756,0.9456508,0.950726,1.0,0.9466935120000001,0.9015017651684332,0.991885258831567
58,58,58,58,58,58,58,appcat,GMT-oNF-2,Acetonitrile,CCC(CCNc1c(NC[C@]23C[C@H]4C[C@H](C[C@H](C4)C2)C3)c1=O)=C1c2ccc(Cl)cc2CCc2ccc[n+]([O-])c21.N#CC,30,25,CF,0.153,CC12CC3CC(C2)CC(C3)C1,GMT-oNF,300,87.0,-8.0,0,0,C(C)#N,41.053,-0.33,0.34,786.0,37.5,15.3,18.0,6.1,52.6,585.1920000000001,7.180080000000008,0,0,0,0,0,0,1,0,1,0,0.9383199,0.92608535,0.9370512,0.9884125,1.0,0.9579737899999999,0.9161718286904462,0.9997757513095537
59,59,59,59,59,59,59,appcat,GMT-oNF-2,Acetonitrile,O=c1c(NC[C@]23C[C@H]4C[C@H](C[C@H](C4)C2)C3)c(NS(=O)(=O)c2cc([N+](=O)[O-])ccc2NC2CCCCC2)c(=O)c1=O.CC1CCCO1,30,25,CF,0.153,CC12CC3CC(C2)CC(C3)C1,GMT-oNF,300,87.0,-8.0,0,0,C(C)#N,41.053,-0.33,0.34,786.0,37.5,15.3,18.0,6.1,52.6,656.802,4.910000000000004,0,0,0,0,0,0,1,0,1,0,0.9342475,0.98879933,0.951025,1.0,1.0,0.974814366,0.9371742476254857,1.0124544843745142
60,60,60,60,60,60,60,appcat,GMT-oNF-2,Acetonitrile,O=C(NC(=O)C12C[C@H]3C[C@@H](C1)C[C@@H](C2)C3)Nc1ccccc1C(=O)Cc1cccc(Br)c1.O=CN(C)C,30,25,CF,0.153,CC12CC3CC(C2)CC(C3)C1,GMT-oNF,300,87.0,-8.0,0,0,C(C)#N,41.053,-0.33,0.34,786.0,37.5,15.3,18.0,6.1,52.6,568.5120000000001,5.443400000000006,0,0,0,0,0,0,1,0,1,0,0.93795705,0.9863203,0.947333,0.9812547,1.0,0.9705730100000001,0.9375349331010314,1.0036110868989687
61,61,61,61,61,61,61,appcat,GMT-oNF-2,Acetonitrile,O=C(NS(=O)(=O)Nc1cc(Cl)c(OC(F)(F)C(F)F)c(Cl)c1)C12C[C@H]3C[C@@H](C1)C[C@@H](C2)C3.CC(C)=O,30,25,CF,0.153,CC12CC3CC(C2)CC(C3)C1,GMT-oNF,300,87.0,-8.0,0,0,C(C)#N,41.053,-0.33,0.34,786.0,37.5,15.3,18.0,6.1,52.6,577.4240000000002,5.814700000000004,0,0,0,0,0,0,1,0,1,0,0.934052,0.96124864,0.9454448,0.9874727,1.0,0.9656436280000001,0.9311765013449922,1.000110754655008
62,62,62,62,62,62,62,appcat,GMT-oNF-2,Acetonitrile,CSCCCNc1c(NC[C@]23C[C@H]4C[C@H](C[C@H](C4)C2)C3)c(=O)c1=O.CC1CCCO1,30,25,CF,0.153,CC12CC3CC(C2)CC(C3)C1,GMT-oNF,300,87.0,-8.0,0,0,C(C)#N,41.053,-0.33,0.34,786.0,37.5,15.3,18.0,6.1,52.6,434.6460000000004,4.261200000000003,0,0,0,0,0,0,1,0,1,0,0.91230273,0.8428505,0.9002495,0.9659163,1.0,0.9242638060000001,0.8486884246302647,0.9998391873697355
63,63,63,63,63,63,63,appcat,GMT-oNF-2,Acetonitrile,O=c1c(NC[C@]23C[C@H]4C[C@H](C[C@H](C4)C2)C3)c(Nc2cccs2)c(=O)c1=O.O,30,25,CF,0.153,CC12CC3CC(C2)CC(C3)C1,GMT-oNF,300,87.0,-8.0,0,0,C(C)#N,41.053,-0.33,0.34,786.0,37.5,15.3,18.0,6.1,52.6,388.4890000000001,2.251500000000001,0,0,0,0,0,0,1,0,1,0,0.90295094,0.87853545,0.9044808,0.9875618,1.0,0.9347057979999999,0.8663180625458664,1.0030935334541333
64,64,64,64,64,64,64,appcat,GMT-oNF-2,Acetonitrile,CC(=O)N[C@H](NS(=O)(=O)NC(=O)[C@]12C[C@H]3C[C@H](C[C@H](C3)C1)C2)C(C)C.CC1CCCO1,30,25,CF,0.153,CC12CC3CC(C2)CC(C3)C1,GMT-oNF,300,87.0,-8.0,0,0,C(C)#N,41.053,-0.33,0.34,786.0,37.5,15.3,18.0,6.1,52.6,457.6370000000004,2.4569,0,0,0,0,0,0,1,0,1,0,0.84841776,0.9333963,0.93332005,1.0,1.0,0.9430268219999999,0.8654110793127827,1.020642564687217
65,65,65,65,65,65,65,appcat,GMT-oNF-2,Acetonitrile,Cc1ccc(S(=O)(=O)[C@H](NC(=O)N[C@@H]2C(=O)N(C[C@]34C[C@H]5C[C@H](C[C@H](C5)C3)C4)c3ccccc3N(c3ccccc3)C2=O)c2ccccc2)cc1.CC(OCC)=O,30,25,CF,0.153,CC12CC3CC(C2)CC(C3)C1,GMT-oNF,300,87.0,-8.0,0,0,C(C)#N,41.053,-0.33,0.34,786.0,37.5,15.3,18.0,6.1,52.6,790.9830000000004,7.632620000000008,0,0,0,0,0,0,1,0,1,0,0.9194222,1.0,0.9597416,1.0,1.0,0.9758327600000001,0.9310930233939786,1.0205724966060215
66,66,66,66,66,66,66,appcat,GMT-oNF-2,Acetonitrile,CC(C)C[C@H](NC(=O)OC(C)(C)C)NC(=S)NC[C@]12C[C@H]3C[C@H](C[C@H](C3)C1)C2.CC(OCC)=O,30,25,CF,0.153,CC12CC3CC(C2)CC(C3)C1,GMT-oNF,300,87.0,-8.0,0,0,C(C)#N,41.053,-0.33,0.34,786.0,37.5,15.3,18.0,6.1,52.6,497.7460000000005,5.133200000000005,0,0,0,0,0,0,1,0,1,0,0.9094403,0.9510964,0.92347836,0.9570057,1.0,0.948204152,0.9048229491984924,0.9915853548015076
67,67,67,67,67,67,67,appcat,GMT-oNF-2,Acetonitrile,CCOCCOC(=O)C(C#N)=CNS(=O)(=O)N[C@@H]1C(=O)N(C[C@]23C[C@H]4C[C@H](C[C@H](C4)C2)C3)c2ccccc2N(c2ccccc2)C1=O.CC(C)=O,30,25,CF,0.153,CC12CC3CC(C2)CC(C3)C1,GMT-oNF,300,87.0,-8.0,0,0,C(C)#N,41.053,-0.33,0.34,786.0,37.5,15.3,18.0,6.1,52.6,719.8610000000003,4.289380000000003,0,0,0,0,0,0,1,0,1,0,0.9282405,1.0,0.93721384,1.0,1.0,0.9730908679999999,0.9271701916066803,1.0190115443933194
68,68,68,68,68,68,68,appcat,GMT-oNF-2,Acetonitrile,CC(C)CCOc1ccc(NS(=O)(=O)N[C@@H]2C(=O)N(C[C@]34C[C@H]5C[C@H](C[C@H](C5)C3)C4)c3ccccc3N(c3ccccc3)C2=O)cc1.O,30,25,CF,0.153,CC12CC3CC(C2)CC(C3)C1,GMT-oNF,300,87.0,-8.0,0,0,C(C)#N,41.053,-0.33,0.34,786.0,37.5,15.3,18.0,6.1,52.6,674.8640000000004,5.829600000000007,0,0,0,0,0,0,1,0,1,0,0.92307055,0.98838013,0.93740237,1.0,1.0,0.9697706100000001,0.9241382128761394,1.0154030071238607
69,69,69,69,69,69,69,appcat,GMT-oNF-2,Acetonitrile,O=C(O)[C@H](CO)NC(=S)NC[C@]12C[C@H]3C[C@H](C[C@H](C3)C1)C2.N#CC,30,25,CF,0.153,CC12CC3CC(C2)CC(C3)C1,GMT-oNF,300,87.0,-8.0,0,0,C(C)#N,41.053,-0.33,0.34,786.0,37.5,15.3,18.0,6.1,52.6,353.48800000000017,1.6422799999999995,0,0,0,0,0,0,1,0,1,0,0.91242534,0.930652,0.8960873,0.97762644,1.0,0.943358216,0.8887552277458367,0.9979612042541633
70,70,70,70,70,70,70,appcat,GMT-oNF-2,Acetonitrile,N[C@@H]1CCCC[C@H]1NS(=O)(=O)NC[C@]12C[C@H]3C[C@H](C[C@H](C3)C1)C2.O,30,25,CF,0.153,CC12CC3CC(C2)CC(C3)C1,GMT-oNF,300,87.0,-8.0,0,0,C(C)#N,41.053,-0.33,0.34,786.0,37.5,15.3,18.0,6.1,52.6,359.53600000000023,1.0719999999999996,0,0,0,0,0,0,1,0,1,0,0.79466534,0.83719796,0.9191718,0.9869864,1.0,0.9076043,0.7953648941096262,1.019843705890374
71,71,71,71,71,71,71,appcat,GMT-oNF-2,Acetonitrile,CCC(CCNc1c(NC[C@]23C[C@H]4C[C@H](C[C@H](C4)C2)C3)c1=O)=C1c2ccc(Cl)cc2CCc2ccc[n+]([O-])c21.CCO,30,25,CF,0.153,CC12CC3CC(C2)CC(C3)C1,GMT-oNF,300,87.0,-8.0,0,0,C(C)#N,41.053,-0.33,0.34,786.0,37.5,15.3,18.0,6.1,52.6,590.2080000000002,6.6488000000000085,0,0,0,0,0,0,1,0,1,0,0.9415224,0.92447996,0.93924475,0.98982924,1.0,0.9590152700000001,0.9172816406094295,1.0007488993905707
72,72,72,72,72,72,72,appcat,GMT-oNF-2,Acetonitrile,O=C(NC(=S)NC(c1ccc(Cl)cc1)c1ccc(Cl)cc1)[C@]12C[C@H]3C[C@H](C[C@H](C3)C1)C2.CC1CCCO1,30,25,CF,0.153,CC12CC3CC(C2)CC(C3)C1,GMT-oNF,300,87.0,-8.0,0,0,C(C)#N,41.053,-0.33,0.34,786.0,37.5,15.3,18.0,6.1,52.6,559.6030000000002,7.475200000000006,0,0,0,0,0,0,1,0,1,0,0.9366371,0.96419513,0.9412139,0.96289396,1.0,0.9609880180000001,0.9298235139137618,0.9921525220862384
73,73,73,73,73,73,73,appcat,GMT-oNF-2,Acetonitrile,O=C(NCc1c(F)c(F)c(F)c(F)c1F)N[C@@H]1C(=O)N(C[C@]23C[C@H]4C[C@H](C[C@H](C4)C2)C3)c2ccccc2N(c2ccccc2)C1=O.O=CN(C)C,30,25,CF,0.153,CC12CC3CC(C2)CC(C3)C1,GMT-oNF,300,87.0,-8.0,0,0,C(C)#N,41.053,-0.33,0.34,786.0,37.5,15.3,18.0,6.1,52.6,711.7320000000002,6.182200000000008,0,0,0,0,0,0,1,0,1,0,0.9745222,0.97365445,0.92721003,1.0,1.0,0.975077336,0.9381605848532824,1.0119940871467177
74,74,74,74,74,74,74,appcat,GMT-oNF-2,Acetonitrile,O=C(Nc1c(Nc2c(F)cc(F)cc2Br)c(=O)c1=O)C12C[C@H]3C[C@@H](C1)C[C@@H](C2)C3.O=CN(C)C,30,25,CF,0.153,CC12CC3CC(C2)CC(C3)C1,GMT-oNF,300,87.0,-8.0,0,0,C(C)#N,41.053,-0.33,0.34,786.0,37.5,15.3,18.0,6.1,52.6,538.3890000000004,3.9262000000000015,0,0,0,0,0,0,1,0,1,0,0.9569597,0.89608216,0.9487791,0.96521497,1.0,0.953407186,0.9068219772323485,0.9999923947676514
75,75,75,75,75,75,75,appcat,GMT-oNF-2,Acetonitrile,COc1ccc(CNc2c(Nc3cc4cccnc4c4ncccc34)c(=O)c(=O)c2=O)cc1.CC(OCC)=O,30,25,CF,0.153,c1(c2ncccc2)ncccc1,GMT-oNF,300,87.0,-8.0,0,0,C(C)#N,41.053,-0.33,0.34,786.0,37.5,15.3,18.0,6.1,52.6,526.5490000000003,3.672900000000002,0,0,0,0,0,0,1,0,1,0,0.966226,0.95512885,0.92206293,1.0,1.0,0.968683556,0.9278561609136601,1.00951095108634
76,76,76,76,76,76,76,appcat,GMT-oNF-2,Acetonitrile,COc1ccc(CNc2c(Nc3cc4cccnc4c4ncccc34)c(=O)c(=O)c2=O)cc1.O=CN(C)C,30,25,CF,0.153,c1(c2ncccc2)ncccc1,GMT-oNF,300,87.0,-8.0,0,0,C(C)#N,41.053,-0.33,0.34,786.0,37.5,15.3,18.0,6.1,52.6,511.5380000000003,2.807900000000001,0,0,0,0,0,0,1,0,1,0,0.9800689,0.9434989,0.91603965,1.0,1.0,0.9679214899999999,0.921905275640083,1.013937704359917
77,77,77,77,77,77,77,appcat,GMT-oNF-2,Acetonitrile,CC1(C)CC(C)(C)c2cc(Nc3c(Nc4cc5cccnc5c5ncccc45)c(=O)c3=O)ccc2S1.CCO,30,25,CF,0.153,c1(c2ncccc2)ncccc1,GMT-oNF,300,87.0,-8.0,0,0,C(C)#N,41.053,-0.33,0.34,786.0,37.5,15.3,18.0,6.1,52.6,540.6890000000003,6.416800000000007,0,0,0,0,0,0,1,0,1,0,0.92202425,0.96225154,0.9431248,0.98775655,1.0,0.9630314280000001,0.9234903378228803,1.00257251817712
78,78,78,78,78,78,78,appcat,GMT-oNF-2,Acetonitrile,C[C@H]1CC[C@H](NC(=S)Nc2cc3cccnc3c3ncccc23)CC1.CC1CCCO1,30,25,CF,0.153,c1(c2ncccc2)ncccc1,GMT-oNF,300,87.0,-8.0,0,0,C(C)#N,41.053,-0.33,0.34,786.0,37.5,15.3,18.0,6.1,52.6,436.62500000000034,5.8334000000000055,0,0,0,0,0,0,1,0,1,0,0.9136139,0.9104591,0.8733423,0.9524553,1.0,0.92997412,0.8702170384139973,0.9897312015860027
79,79,79,79,79,79,79,appcat,GMT-oNF-2,Acetonitrile,COC(=O)[C@H](CC(C)C)Nc1c(Nc2cc3cccnc3c3ncccc23)c(=O)c(=O)c1=O.CC(C)=O,30,25,CF,0.153,c1(c2ncccc2)ncccc1,GMT-oNF,300,87.0,-8.0,0,0,C(C)#N,41.053,-0.33,0.34,786.0,37.5,15.3,18.0,6.1,52.6,504.5430000000004,3.077700000000001,0,0,0,0,0,0,1,0,1,0,0.9368082,0.9237632,0.92342585,1.0,1.0,0.9567994500000001,0.9073763246710306,1.0062225753289697
80,80,80,80,80,80,80,appcat,GMT-oNF-2,Acetonitrile,NS(=O)(=O)c1ccc(NC(=O)Nc2cc3cccnc3c3ncccc23)cc1.CC(OCC)=O,30,25,CF,0.153,c1(c2ncccc2)ncccc1,GMT-oNF,300,87.0,-8.0,0,0,C(C)#N,41.053,-0.33,0.34,786.0,37.5,15.3,18.0,6.1,52.6,481.5340000000003,3.6438000000000015,0,0,0,0,0,0,1,0,1,0,0.8619932,1.0,0.9553544,1.0,1.0,0.96346952,0.889055801515549,1.037883238484451
81,81,81,81,81,81,81,appcat,GMT-oNF-2,Acetonitrile,C[C@H]1CC[C@H](NC(=S)Nc2cc3cccnc3c3ncccc23)CC1.CCO,30,25,CF,0.153,c1(c2ncccc2)ncccc1,GMT-oNF,300,87.0,-8.0,0,0,C(C)#N,41.053,-0.33,0.34,786.0,37.5,15.3,18.0,6.1,52.6,396.5600000000002,4.6467000000000045,0,0,0,0,0,0,1,0,1,0,0.90652335,0.90611947,0.8841684,0.95889974,1.0,0.931142192,0.872406627613219,0.9898777563867811
82,82,82,82,82,82,82,appcat,GMT-oNF-2,Acetonitrile,O=c1c(Nc2nnc(/C=C/c3ccccc3)s2)c(Nc2cc3cccnc3c3ncccc23)c(=O)c1=O.CC1CCCO1,30,25,CF,0.153,c1(c2ncccc2)ncccc1,GMT-oNF,300,87.0,-8.0,0,0,C(C)#N,41.053,-0.33,0.34,786.0,37.5,15.3,18.0,6.1,52.6,590.6650000000001,5.433600000000005,0,0,0,0,0,0,1,0,1,0,0.949892,0.9684019,0.9264389,1.0,1.0,0.96894656,0.9291992180735769,1.0086939019264232
83,83,83,83,83,83,83,appcat,GMT-oNF-2,Acetonitrile,CC1(C)CC(C)(C)c2cc(Nc3c(Nc4cc5cccnc5c5ncccc45)c(=O)c3=O)ccc2S1.N#CC,30,25,CF,0.153,c1(c2ncccc2)ncccc1,GMT-oNF,300,87.0,-8.0,0,0,C(C)#N,41.053,-0.33,0.34,786.0,37.5,15.3,18.0,6.1,52.6,535.6730000000002,6.948080000000006,0,0,0,0,0,0,1,0,1,0,0.9219102,0.9649054,0.94024235,0.984715,1.0,0.96235459,0.922853028640724,1.001856151359276
84,84,84,84,84,84,84,appcat,GMT-oNF-2,Acetonitrile,COC(=O)c1ccc(CNC(=O)Nc2cc3cccnc3c3ncccc23)cc1.O,30,25,CF,0.153,c1(c2ncccc2)ncccc1,GMT-oNF,300,87.0,-8.0,0,0,C(C)#N,41.053,-0.33,0.34,786.0,37.5,15.3,18.0,6.1,52.6,404.42600000000016,3.066600000000001,0,0,0,0,0,0,1,0,1,0,0.9211488,0.97047687,0.9232645,0.99663246,1.0,0.9623045259999999,0.914681974997132,1.0099270770028679
85,85,85,85,85,85,85,appcat,GMT-oNF-2,Acetonitrile,COC(=O)c1ccccc1S(=O)(=O)NC(=S)Nc1cc2cccnc2c2ncccc12.CC(OCC)=O,30,25,CF,0.153,c1(c2ncccc2)ncccc1,GMT-oNF,300,87.0,-8.0,0,0,C(C)#N,41.053,-0.33,0.34,786.0,37.5,15.3,18.0,6.1,52.6,540.6230000000003,3.814300000000003,0,0,0,0,0,0,1,0,1,0,0.9185625,0.9838882,0.95437014,1.0,1.0,0.971364168,0.9280227738109693,1.0147055621890306
86,86,86,86,86,86,86,appcat,GMT-oNF-2,Acetonitrile,CC1(C)CC(C)(C)c2cc(Nc3c(Nc4cc5cccnc5c5ncccc45)c(=O)c3=O)ccc2S1.CC1=CC=CC=C1,30,25,CF,0.153,c1(c2ncccc2)ncccc1,GMT-oNF,300,87.0,-8.0,0,0,C(C)#N,41.053,-0.33,0.34,786.0,37.5,15.3,18.0,6.1,52.6,586.7610000000003,8.413220000000004,0,0,0,0,0,0,1,0,1,0,0.9282904,0.97678834,0.9466051,0.9840199,1.0,0.9671407479999999,0.9310001414951969,1.003281354504803
87,87,87,87,87,87,87,appcat,GMT-oNF-2,Acetonitrile,CC(C)Cc1ccc([C@H](C)C(=O)NC(=S)Nc2cc3cccnc3c3ncccc23)cc1.CC1CCCO1,30,25,CF,0.153,c1(c2ncccc2)ncccc1,GMT-oNF,300,87.0,-8.0,0,0,C(C)#N,41.053,-0.33,0.34,786.0,37.5,15.3,18.0,6.1,52.6,528.7220000000003,6.783500000000006,0,0,0,0,0,0,1,0,1,0,0.9175974,0.94725096,0.9101216,0.9703707,1.0,0.9490681320000001,0.9027822188226378,0.9953540451773624
88,88,88,88,88,88,88,appcat,GMT-oNF-2,Acetonitrile,COC(=O)[C@H](C)Nc1c(Nc2cc3cccnc3c3ncccc23)c(=O)c(=O)c1=O.O,30,25,CF,0.153,c1(c2ncccc2)ncccc1,GMT-oNF,300,87.0,-8.0,0,0,C(C)#N,41.053,-0.33,0.34,786.0,37.5,15.3,18.0,6.1,52.6,422.3970000000002,0.6314999999999993,0,0,0,0,0,0,1,0,1,0,0.92231286,0.8627866,0.902764,1.0,1.0,0.937572692,0.8619641102860554,1.0131812737139447
89,89,89,89,89,89,89,appcat,GMT-oNF-2,Acetonitrile,C=C(C)C(=O)OCCNc1c(Nc2cc3cccnc3c3ncccc23)c(=O)c(=O)c1=O.CC1=CC=CC=C1,30,25,CF,0.153,c1(c2ncccc2)ncccc1,GMT-oNF,300,87.0,-8.0,0,0,C(C)#N,41.053,-0.33,0.34,786.0,37.5,15.3,18.0,6.1,52.6,522.5610000000004,4.009020000000003,0,0,0,0,0,0,1,0,1,0,0.9529327,0.94745386,0.92147565,1.0,1.0,0.9643724419999999,0.921378373044492,1.0073665109555079
90,90,90,90,90,90,90,appcat,GMT-oNF-2,Acetonitrile,C=C[C@H]1CN2CCN1C[C@H]2[C@H](NC(=O)Nc1cc2cccnc2c2ncccc12)c1ccnc2ccc(OC)cc12.CC1=CC=CC=C1,30,25,CF,0.153,c1(c2ncccc2)ncccc1,GMT-oNF,300,87.0,-8.0,0,0,C(C)#N,41.053,-0.33,0.34,786.0,37.5,15.3,18.0,6.1,52.6,637.7880000000002,6.752020000000006,0,0,0,0,0,0,1,0,1,0,0.92121994,0.9819412,0.9281948,1.0,1.0,0.966271188,0.9181807820929871,1.0143615939070127
91,91,91,91,91,91,91,appcat,GMT-oNF-2,Acetonitrile,CC(C)COc1cc(C(=O)NCc2ccccc2)nc2c(Nc3c(Nc4cc5cccnc5c5ncccc45)c(=O)c3=O)cccc12.CC1=CC=CC=C1,30,25,CF,0.153,c1(c2ncccc2)ncccc1,GMT-oNF,300,87.0,-8.0,0,0,C(C)#N,41.053,-0.33,0.34,786.0,37.5,15.3,18.0,6.1,52.6,714.8260000000001,8.374220000000005,0,0,0,0,0,0,1,0,1,0,0.90947676,0.995858,0.93426687,1.0,1.0,0.9679203260000001,0.914561521804387,1.0212791301956132
92,92,92,92,92,92,92,appcat,GMT-oNF-2,Acetonitrile,C=C(C)C(=O)OCCNc1c(Nc2cc3cccnc3c3ncccc23)c(=O)c(=O)c1=O.N#CC,30,25,CF,0.153,c1(c2ncccc2)ncccc1,GMT-oNF,300,87.0,-8.0,0,0,C(C)#N,41.053,-0.33,0.34,786.0,37.5,15.3,18.0,6.1,52.6,471.4730000000003,2.5438800000000006,0,0,0,0,0,0,1,0,1,0,0.9429557,0.9299331,0.9088669,1.0,1.0,0.95635114,0.9046221986236284,1.0080800813763715
93,93,93,93,93,93,93,appcat,GMT-oNF-2,Acetonitrile,O=C(Nc1cc2cccnc2c2ncccc12)N[N+](=O)[O-].CC1CCCO1,30,25,CF,0.153,c1(c2ncccc2)ncccc1,GMT-oNF,300,87.0,-8.0,0,0,C(C)#N,41.053,-0.33,0.34,786.0,37.5,15.3,18.0,6.1,52.6,369.3810000000002,3.281500000000001,0,0,0,0,0,0,1,0,1,0,0.90095294,0.989954,0.87555265,0.93644,1.0,0.9405799180000001,0.8731845281531301,1.00797530784687
94,94,94,94,94,94,94,appcat,GMT-oNF-2,Acetonitrile,O=c1c(NCCSCc2ccccn2)c1Nc1cc2cccnc2c2ncccc12.CC1=CC=CC=C1,30,25,CF,0.153,c1(c2ncccc2)ncccc1,GMT-oNF,300,87.0,-8.0,0,0,C(C)#N,41.053,-0.33,0.34,786.0,37.5,15.3,18.0,6.1,52.6,505.6470000000002,6.497720000000005,0,0,0,0,0,0,1,0,1,0,0.92338777,0.962048,0.91359234,1.0,1.0,0.959805622,0.9089954185338159,1.010615825466184
95,95,95,95,95,95,95,appcat,GMT-oNF-2,Acetonitrile,C[C@@H](Oc1ccc(Cl)cc1Cl)C(=O)Nc1c(Nc2cc3cccnc3c3ncccc23)c1=O.CO,30,25,CF,0.153,c1(c2ncccc2)ncccc1,GMT-oNF,300,87.0,-8.0,0,0,C(C)#N,41.053,-0.33,0.34,786.0,37.5,15.3,18.0,6.1,52.6,511.3650000000002,5.083700000000004,0,0,0,0,0,0,1,0,1,0,0.8957605,0.9100181,0.917994,0.99581194,1.0,0.9439169079999999,0.8819002549495927,1.0059335610504072
96,96,96,96,96,96,96,appcat,GMT-oNF-2,Acetonitrile,COC(=O)c1ccc(CNC(=O)Nc2cc3cccnc3c3ncccc23)cc1.O=CN(C)C,30,25,CF,0.153,c1(c2ncccc2)ncccc1,GMT-oNF,300,87.0,-8.0,0,0,C(C)#N,41.053,-0.33,0.34,786.0,37.5,15.3,18.0,6.1,52.6,459.5060000000002,3.5957000000000017,0,0,0,0,0,0,1,0,1,0,0.9353657,0.9693029,0.92126286,1.0,1.0,0.965186292,0.9201621849553567,1.0102103990446432
97,97,97,97,97,97,97,appcat,GMT-oNF-2,Acetonitrile,O=C(Nc1c(Nc2cc3cccnc3c3ncccc23)c(=O)c1=O)C1CC1.CC1=CC=CC=C1,30,25,CF,0.153,c1(c2ncccc2)ncccc1,GMT-oNF,300,87.0,-8.0,0,0,C(C)#N,41.053,-0.33,0.34,786.0,37.5,15.3,18.0,6.1,52.6,450.4980000000003,4.466120000000004,0,0,0,0,0,0,1,0,1,0,0.9174371,0.9238965,0.920378,0.99304116,1.0,0.9509505519999999,0.8991297762098589,1.0027713277901409
98,98,98,98,98,98,98,appcat,GMT-oNF-2,Acetonitrile,C[C@H]1CC[C@H](NC(=S)Nc2cc3cccnc3c3ncccc23)CC1.O,30,25,CF,0.153,c1(c2ncccc2)ncccc1,GMT-oNF,300,87.0,-8.0,0,0,C(C)#N,41.053,-0.33,0.34,786.0,37.5,15.3,18.0,6.1,52.6,368.5060000000002,3.823400000000004,0,0,0,0,0,0,1,0,1,0,0.9081585,0.89627707,0.8580102,0.95720404,1.0,0.9239299620000001,0.8552090154909517,0.9926509085090485
99,99,99,99,99,99,99,appcat,GMT-oNF-2,Acetonitrile,CC(C)COc1cc(C(=O)NCc2ccccc2)nc2c(Nc3c(Nc4cc5cccnc5c5ncccc45)c(=O)c3=O)cccc12.N#CC,30,25,CF,0.153,c1(c2ncccc2)ncccc1,GMT-oNF,300,87.0,-8.0,0,0,C(C)#N,41.053,-0.33,0.34,786.0,37.5,15.3,18.0,6.1,52.6,663.738,6.909080000000006,0,0,0,0,0,0,1,0,1,0,0.89995486,0.9907104,0.93043435,1.0,1.0,0.9642199220000001,0.906868899917503,1.0215709440824972
100,100,100,100,100,100,100,appcat,GMT-oNF-2,Acetonitrile,COC(=O)c1ccccc1S(=O)(=O)NC(=S)Nc1cc2cccnc2c2ncccc12.CC1=CC=CC=C1,30,25,CF,0.153,c1(c2ncccc2)ncccc1,GMT-oNF,300,87.0,-8.0,0,0,C(C)#N,41.053,-0.33,0.34,786.0,37.5,15.3,18.0,6.1,52.6,544.6580000000002,5.239920000000004,0,0,0,0,0,0,1,0,1,0,0.9207443,1.0,0.9423631,1.0,1.0,0.9726214800000001,0.9251143970660476,1.0201285629339527
101,101,101,101,101,101,101,appcat,GMT-oNF-2,Acetonitrile,COC(=O)c1ccc(CNC(=O)Nc2cc3cccnc3c3ncccc23)cc1.CCO,30,25,CF,0.153,c1(c2ncccc2)ncccc1,GMT-oNF,300,87.0,-8.0,0,0,C(C)#N,41.053,-0.33,0.34,786.0,37.5,15.3,18.0,6.1,52.6,432.4800000000002,3.889900000000002,0,0,0,0,0,0,1,0,1,0,0.92168117,0.9717607,0.9161757,0.9988959,1.0,0.9617026940000001,0.9111682991597647,1.0122370888402354
102,102,102,102,102,102,102,appcat,GMT-oNF-2,Acetonitrile,C[C@H]1CC[C@H](NC(=S)Nc2cc3cccnc3c3ncccc23)CC1.O=CN(C)C,30,25,CF,0.153,c1(c2ncccc2)ncccc1,GMT-oNF,300,87.0,-8.0,0,0,C(C)#N,41.053,-0.33,0.34,786.0,37.5,15.3,18.0,6.1,52.6,423.5860000000002,4.352500000000004,0,0,0,0,0,0,1,0,1,0,0.9119514,0.9034066,0.8795037,0.9702788,1.0,0.9330280999999999,0.8707608727102892,0.9952953272897106
103,103,103,103,103,103,103,appcat,GMT-oNF-2,Acetonitrile,O=C(Nc1c(Nc2cc3cccnc3c3ncccc23)c(=O)c1=O)C1CC1.CO,30,25,CF,0.153,c1(c2ncccc2)ncccc1,GMT-oNF,300,87.0,-8.0,0,0,C(C)#N,41.053,-0.33,0.34,786.0,37.5,15.3,18.0,6.1,52.6,390.3990000000002,2.0796,0,0,0,0,0,0,1,0,1,0,0.88535106,0.83089966,0.8976793,1.0,1.0,0.922786004,0.8298708173137411,1.0157011906862587
104,104,104,104,104,104,104,appcat,GMT-oNF-2,Acetonitrile,COC(=O)c1ccc(CNC(=O)Nc2cc3cccnc3c3ncccc23)cc1.CO,30,25,CF,0.153,c1(c2ncccc2)ncccc1,GMT-oNF,300,87.0,-8.0,0,0,C(C)#N,41.053,-0.33,0.34,786.0,37.5,15.3,18.0,6.1,52.6,418.45300000000015,3.499800000000002,0,0,0,0,0,0,1,0,1,0,0.9230162,0.9696958,0.9189564,0.9959738,1.0,0.96152844,0.9133236407152305,1.0097332392847695
105,105,105,105,105,105,105,appcat,GMT-oNF-2,Acetonitrile,CC(C)Cc1ccc([C@H](C)C(=O)NC(=S)Nc2cc3cccnc3c3ncccc23)cc1.N#CC,30,25,CF,0.153,c1(c2ncccc2)ncccc1,GMT-oNF,300,87.0,-8.0,0,0,C(C)#N,41.053,-0.33,0.34,786.0,37.5,15.3,18.0,6.1,52.6,483.6410000000002,6.128080000000005,0,0,0,0,0,0,1,0,1,0,0.9121187,0.9488405,0.90808153,0.9763247,1.0,0.949073086,0.8994756827567254,0.9986704892432745
106,106,106,106,106,106,106,appcat,GMT-oNF-2,Acetonitrile,C[C@@H](Oc1ccc(Cl)cc1Cl)C(=O)Nc1c(Nc2cc3cccnc3c3ncccc23)c1=O.O=CN(C)C,30,25,CF,0.153,c1(c2ncccc2)ncccc1,GMT-oNF,300,87.0,-8.0,0,0,C(C)#N,41.053,-0.33,0.34,786.0,37.5,15.3,18.0,6.1,52.6,552.4180000000001,5.179600000000005,0,0,0,0,0,0,1,0,1,0,0.90875924,0.92240036,0.92630494,1.0,1.0,0.951492908,0.8959194187816988,1.0070663972183012
107,107,107,107,107,107,107,appcat,GMT-oNF-2,Acetonitrile,COC(=O)c1ccc(CNC(=O)Nc2cc3cccnc3c3ncccc23)cc1.CC(C)=O,30,25,CF,0.153,c1(c2ncccc2)ncccc1,GMT-oNF,300,87.0,-8.0,0,0,C(C)#N,41.053,-0.33,0.34,786.0,37.5,15.3,18.0,6.1,52.6,444.4910000000002,4.486600000000003,0,0,0,0,0,0,1,0,1,0,0.9202559,0.9643181,0.9185375,0.98705184,1.0,0.9580326679999999,0.9114502879787476,1.0046150480212521
108,108,108,108,108,108,108,appcat,GMT-oNF-2,Acetonitrile,O=c1c(Nc2nnc(/C=C/c3ccccc3)s2)c(Nc2cc3cccnc3c3ncccc23)c(=O)c1=O.CO,30,25,CF,0.153,c1(c2ncccc2)ncccc1,GMT-oNF,300,87.0,-8.0,0,0,C(C)#N,41.053,-0.33,0.34,786.0,37.5,15.3,18.0,6.1,52.6,536.5730000000003,3.856800000000003,0,0,0,0,0,0,1,0,1,0,0.95552504,0.9630316,0.91948503,1.0,1.0,0.967608334,0.9255873857077771,1.009629282292223
109,109,109,109,109,109,109,appcat,GMT-oNF-2,Acetonitrile,O=C(Nc1cc2cccnc2c2ncccc12)N[N+](=O)[O-].CC(C)=O,30,25,CF,0.153,c1(c2ncccc2)ncccc1,GMT-oNF,300,87.0,-8.0,0,0,C(C)#N,41.053,-0.33,0.34,786.0,37.5,15.3,18.0,6.1,52.6,341.3270000000001,2.6915000000000004,0,0,0,0,0,0,1,0,1,0,0.8856219,0.9914881,0.87535983,0.93486834,1.0,0.9374676340000001,0.8656531133566869,1.0092821546433133
110,110,110,110,110,110,110,appcat,GMT-oNF-2,Acetonitrile,O=C(Nc1c(Nc2cc3cccnc3c3ncccc23)c(=O)c1=O)C1CC1.O=CN(C)C,30,25,CF,0.153,c1(c2ncccc2)ncccc1,GMT-oNF,300,87.0,-8.0,0,0,C(C)#N,41.053,-0.33,0.34,786.0,37.5,15.3,18.0,6.1,52.6,431.4520000000003,2.1754999999999995,0,0,0,0,0,0,1,0,1,0,0.92898154,0.8658151,0.91661847,1.0,1.0,0.942283022,0.8705629766220098,1.0140030673779903
111,111,111,111,111,111,111,appcat,GMT-oNF-2,Acetonitrile,CC(C)Cc1ccc([C@H](C)C(=O)NC(=S)Nc2cc3cccnc3c3ncccc23)cc1.CC1=CC=CC=C1,30,25,CF,0.153,c1(c2ncccc2)ncccc1,GMT-oNF,300,87.0,-8.0,0,0,C(C)#N,41.053,-0.33,0.34,786.0,37.5,15.3,18.0,6.1,52.6,534.7290000000003,7.593220000000007,0,0,0,0,0,0,1,0,1,0,0.91747546,0.96759254,0.9155067,0.97832716,1.0,0.9557803719999999,0.9089394497165101,1.0026212942834898
112,112,112,112,112,112,112,appcat,GMT-oNF-2,Acetonitrile,CC(C)(C)[C@H](Nc1c(Nc2cc3cccnc3c3ncccc23)c(=O)c(=O)c1=O)P(=O)(Oc1ccccc1)Oc1ccccc1.CC1=CC=CC=C1,30,25,CF,0.153,c1(c2ncccc2)ncccc1,GMT-oNF,300,87.0,-8.0,0,0,C(C)#N,41.053,-0.33,0.34,786.0,37.5,15.3,18.0,6.1,52.6,712.7430000000003,8.613020000000002,0,0,0,0,0,0,1,0,1,0,0.901024,1.0,0.9407828,1.0,1.0,0.9683613600000001,0.9118080027215136,1.0249147172784865
113,113,113,113,113,113,113,appcat,GMT-oNF-2,Acetonitrile,O=c1c(NCCCCCc2cnc[nH]2)c(Nc2cc3cccnc3c3ncccc23)c1=O.CC(C)=O,30,25,CF,0.153,c1(c2ncccc2)ncccc1,GMT-oNF,300,87.0,-8.0,0,0,C(C)#N,41.053,-0.33,0.34,786.0,37.5,15.3,18.0,6.1,52.6,484.56000000000034,4.265900000000002,0,0,0,0,0,0,1,0,1,0,0.9162396,0.94885975,0.90952015,1.0,1.0,0.9549239,0.9005932636927679,1.009254536307232
114,114,114,114,114,114,114,appcat,GMT-oNF-2,Acetonitrile,O=c1c(Nc2nnc(/C=C/c3ccccc3)s2)c(Nc2cc3cccnc3c3ncccc23)c(=O)c1=O.CC(OCC)=O,30,25,CF,0.153,c1(c2ncccc2)ncccc1,GMT-oNF,300,87.0,-8.0,0,0,C(C)#N,41.053,-0.33,0.34,786.0,37.5,15.3,18.0,6.1,52.6,592.6370000000002,4.817700000000005,0,0,0,0,0,0,1,0,1,0,0.95003057,0.9675427,0.92786634,1.0,1.0,0.9690879219999999,0.9299415113995834,1.0082343326004166
115,115,115,115,115,115,115,appcat,GMT-oNF-2,Acetonitrile,C=C[C@H]1CN2CCN1C[C@H]2[C@H](NC(=O)Nc1cc2cccnc2c2ncccc12)c1ccnc2ccc(OC)cc12.CC(C)=O,30,25,CF,0.153,c1(c2ncccc2)ncccc1,GMT-oNF,300,87.0,-8.0,0,0,C(C)#N,41.053,-0.33,0.34,786.0,37.5,15.3,18.0,6.1,52.6,603.7270000000002,5.352300000000004,0,0,0,0,0,0,1,0,1,0,0.9186692,0.96406233,0.9265938,1.0,1.0,0.961865066,0.9136822653672195,1.0100478666327806
116,116,116,116,116,116,116,appcat,GMT-oNF-2,Acetonitrile,CC(C)(C)[C@H](Nc1c(Nc2cc3cccnc3c3ncccc23)c(=O)c(=O)c1=O)P(=O)(Oc1ccccc1)Oc1ccccc1.CCO,30,25,CF,0.153,c1(c2ncccc2)ncccc1,GMT-oNF,300,87.0,-8.0,0,0,C(C)#N,41.053,-0.33,0.34,786.0,37.5,15.3,18.0,6.1,52.6,666.6710000000003,6.616600000000006,0,0,0,0,0,0,1,0,1,0,0.89695954,0.9946312,0.9380802,1.0,1.0,0.965934188,0.9081006821536508,1.0237676938463491
117,117,117,117,117,117,117,appcat,GMT-oNF-2,Acetonitrile,COC(=O)c1ccccc1S(=O)(=O)NC(=S)Nc1cc2cccnc2c2ncccc12.N#CC,30,25,CF,0.153,c1(c2ncccc2)ncccc1,GMT-oNF,300,87.0,-8.0,0,0,C(C)#N,41.053,-0.33,0.34,786.0,37.5,15.3,18.0,6.1,52.6,493.57000000000016,3.7747800000000016,0,0,0,0,0,0,1,0,1,0,0.9236841,0.99015003,0.94692326,1.0,1.0,0.972151478,0.9288684087754466,1.0154345472245534
118,118,118,118,118,118,118,appcat,GMT-oNF-2,Acetonitrile,O=C(Nc1ccccc1-c1ccc2ccccc2n1)NC1([C@H]2CCCS2(=O)=O)CCCCC1.CC(C)=O,30,25,CF,0.153,c1(c2ccccc2)ccccn1,GMT-oNF,300,87.0,-8.0,0,0,C(C)#N,41.053,-0.33,0.34,786.0,37.5,15.3,18.0,6.1,52.6,521.6830000000004,5.898700000000006,0,0,0,0,0,0,1,0,1,0,0.90526175,1.0,0.9530897,1.0,1.0,0.9716702899999999,0.919126295924639,1.024214284075361
119,119,119,119,119,119,119,appcat,GMT-oNF-2,Acetonitrile,Cc1cc(Nc2c(Nc3cc(-c4ccccn4)cc(-c4ccccn4)c3)c(=S)c2=S)ccc1Br.CCO,30,25,CF,0.153,c1(c2ccccc2)ccccn1,GMT-oNF,300,87.0,-8.0,0,0,C(C)#N,41.053,-0.33,0.34,786.0,37.5,15.3,18.0,6.1,52.6,589.5840000000001,8.7019,0,0,0,0,0,0,1,0,1,0,0.88726795,0.99869096,0.9446912,0.99985254,1.0,0.96610053,0.9039446004604648,1.0282564595395352
120,120,120,120,120,120,120,appcat,GMT-oNF-2,Acetonitrile,O=S(=O)(Nc1nc(-c2ccc(Br)cc2)cs1)Nc1ccccc1-c1ccc2ccccc2n1.CC(C)=O,30,25,CF,0.153,c1(c2ccccc2)ccccn1,GMT-oNF,300,87.0,-8.0,0,0,C(C)#N,41.053,-0.33,0.34,786.0,37.5,15.3,18.0,6.1,52.6,595.544,7.151900000000006,0,0,0,0,0,0,1,0,1,0,0.9026332,1.0,0.9434409,1.0,1.0,0.96921482,0.9138924913697687,1.0245371486302313
121,121,121,121,121,121,121,appcat,GMT-oNF-2,Acetonitrile,O=c1c(Nc2cc(-c3ccccn3)cc(-c3ccccn3)c2)c(Nc2ccc3cc4ccccc4cc3c2)c(=O)c1=O.CC(C)=O,30,25,CF,0.153,c1(c2ccccc2)ccccn1,GMT-oNF,300,87.0,-8.0,0,0,C(C)#N,41.053,-0.33,0.34,786.0,37.5,15.3,18.0,6.1,52.6,604.6660000000002,7.155700000000004,0,0,0,0,0,0,1,0,1,0,0.9333506,0.9942422,0.933332,1.0,1.0,0.9721849600000001,0.928059853563336,1.0163100664366642
122,122,122,122,122,122,122,appcat,GMT-oNF-2,Acetonitrile,COc1ccc(C(=O)NCCNc2c(Nc3cc(-c4ccccn4)cc(-c4ccccn4)c3)c(=S)c2=S)cc1.CC1=CC=CC=C1,30,25,CF,0.153,c1(c2ccccc2)ccccn1,GMT-oNF,300,87.0,-8.0,0,0,C(C)#N,41.053,-0.33,0.34,786.0,37.5,15.3,18.0,6.1,52.6,643.8380000000001,8.734300000000001,0,0,0,0,0,0,1,0,1,0,0.8923328,1.0,0.9400604,1.0,1.0,0.96647864,0.9057557679224391,1.027201512077561
123,123,123,123,123,123,123,appcat,GMT-oNF-2,Acetonitrile,CC(C)(C)c1cc(Nc2c(Nc3cc(-c4ccccn4)cc(-c4ccccn4)c3)c(=O)c2=O)n(-c2ccccc2)n1.N#CC,30,25,CF,0.153,c1(c2ccccc2)ccccn1,GMT-oNF,300,87.0,-8.0,0,0,C(C)#N,41.053,-0.33,0.34,786.0,37.5,15.3,18.0,6.1,52.6,581.6800000000001,6.906880000000007,0,0,0,0,0,0,1,0,1,0,0.9166253,0.9971942,0.9151342,1.0,1.0,0.9657907399999999,0.9091960212652195,1.0223854587347803
124,124,124,124,124,124,124,appcat,GMT-oNF-2,Acetonitrile,O=c1c(Nc2cc(-c3ccccn3)cc(-c3ccccn3)c2)c(Nc2c(F)c(F)c(F)c(F)c2F)c1=O.CO,30,25,CF,0.153,c1(c2ccccc2)ccccn1,GMT-oNF,300,87.0,-8.0,0,0,C(C)#N,41.053,-0.33,0.34,786.0,37.5,15.3,18.0,6.1,52.6,540.4480000000002,5.197800000000003,0,0,0,0,0,0,1,0,1,0,0.93745697,0.9380138,0.9203558,0.99242413,1.0,0.9576501399999999,0.91293748158965,1.0023627984103498
125,125,125,125,125,125,125,appcat,GMT-oNF-2,Acetonitrile,CN(C)c1ccc(/C=C/C=N/c2ccccc2NS(=O)(=O)Nc2cc(-c3ccccn3)cc(-c3ccccn3)c2)cc1.O=CN(C)C,30,25,CF,0.153,c1(c2ccccc2)ccccn1,GMT-oNF,300,87.0,-8.0,0,0,C(C)#N,41.053,-0.33,0.34,786.0,37.5,15.3,18.0,6.1,52.6,647.8050000000001,6.765500000000007,0,0,0,0,0,0,1,0,1,0,0.9247259,1.0,0.9388902,1.0,1.0,0.97272322,0.9259317413380769,1.019514698661923
126,126,126,126,126,126,126,appcat,GMT-oNF-2,Acetonitrile,CC(C)[C@H](C)Nc1c(Nc2ccccc2-c2ccc3ccccc3n2)c(=S)c1=S.CC1=CC=CC=C1,30,25,CF,0.153,c1(c2ccccc2)ccccn1,GMT-oNF,300,87.0,-8.0,0,0,C(C)#N,41.053,-0.33,0.34,786.0,37.5,15.3,18.0,6.1,52.6,509.7440000000002,9.431399999999998,0,0,0,0,0,0,1,0,1,0,0.8349397,0.92025876,0.8968135,0.9534476,1.0,0.921091912,0.8443350898456339,0.997848734154366
127,127,127,127,127,127,127,appcat,GMT-oNF-2,Acetonitrile,Cc1cccc(C)c1Nc1c(Nc2cc(-c3ccccn3)cc(-c3ccccn3)c2)c1=O.O,30,25,CF,0.153,c1(c2ccccc2)ccccn1,GMT-oNF,300,87.0,-8.0,0,0,C(C)#N,41.053,-0.33,0.34,786.0,37.5,15.3,18.0,6.1,52.6,436.5150000000002,5.325740000000006,0,0,0,0,0,0,1,0,1,0,0.8847045,0.9107071,0.89797604,0.9925313,1.0,0.9371837880000001,0.8691706245390644,1.005196951460936
128,128,128,128,128,128,128,appcat,GMT-oNF-2,Acetonitrile,CC(=O)N[C@H](NC(=O)Nc1cc(-c2ccccn2)cc(-c2ccccn2)c1)C(C)C.CC(C)=O,30,25,CF,0.153,c1(c2ccccc2)ccccn1,GMT-oNF,300,87.0,-8.0,0,0,C(C)#N,41.053,-0.33,0.34,786.0,37.5,15.3,18.0,6.1,52.6,461.56600000000026,4.645600000000004,0,0,0,0,0,0,1,0,1,0,0.91725266,0.9825079,0.9484309,1.0,1.0,0.969638292,0.9248552508206116,1.0144213331793883
129,129,129,129,129,129,129,appcat,GMT-oNF-2,Acetonitrile,O=c1c(Nc2ccccc2-c2ccc3ccccc3n2)c1NC(c1cc2ccccc2c2ccccc12)c1cc2ccccc2c2ccccc12.CC1CCCO1,30,25,CF,0.153,c1(c2ccccc2)ccccn1,GMT-oNF,300,87.0,-8.0,0,0,C(C)#N,41.053,-0.33,0.34,786.0,37.5,15.3,18.0,6.1,52.6,739.9189999999999,12.880799999999976,0,0,0,0,0,0,1,0,1,0,0.915136,0.9865413,0.95110947,1.0,1.0,0.970557354,0.9247713749515587,1.0163433330484413
130,130,130,130,130,130,130,appcat,GMT-oNF-2,Acetonitrile,S=C(Nc1cc(-c2ccccn2)cc(-c2ccccn2)c1)NC1CCCCC1.CC(C)=O,30,25,CF,0.153,c1(c2ccccc2)ccccn1,GMT-oNF,300,87.0,-8.0,0,0,C(C)#N,41.053,-0.33,0.34,786.0,37.5,15.3,18.0,6.1,52.6,446.6200000000004,6.025000000000005,0,0,0,0,0,0,1,0,1,0,0.8907819,0.95572484,0.9042815,0.95271766,1.0,0.9407011800000001,0.8862064729775491,0.9951958870224512
131,131,131,131,131,131,131,appcat,GMT-oNF-2,Acetonitrile,COc1ccc(C(=O)NCCNc2c(Nc3cc(-c4ccccn4)cc(-c4ccccn4)c3)c(=S)c2=S)cc1.CCO,30,25,CF,0.153,c1(c2ccccc2)ccccn1,GMT-oNF,300,87.0,-8.0,0,0,C(C)#N,41.053,-0.33,0.34,786.0,37.5,15.3,18.0,6.1,52.6,597.7660000000001,6.737880000000006,0,0,0,0,0,0,1,0,1,0,0.88759685,1.0,0.93773323,1.0,1.0,0.9650660160000001,0.9017237998238717,1.0284082321761283
132,132,132,132,132,132,132,appcat,GMT-oNF-2,Acetonitrile,Cc1cc(Nc2c(Nc3cc(-c4ccccn4)cc(-c4ccccn4)c3)c(=S)c2=S)ccc1Br.O=CN(C)C,30,25,CF,0.153,c1(c2ccccc2)ccccn1,GMT-oNF,300,87.0,-8.0,0,0,C(C)#N,41.053,-0.33,0.34,786.0,37.5,15.3,18.0,6.1,52.6,616.61,8.407700000000006,0,0,0,0,0,0,1,0,1,0,0.8991333,0.99523085,0.9407103,1.0,1.0,0.9670148900000001,0.9105498286232416,1.0234799513767585
133,133,133,133,133,133,133,appcat,GMT-oNF-2,Acetonitrile,Cc1ccc(Nc2c(Nc3ccccc3-c3ccc4ccccc4n3)c2=O)c(C(=O)O)c1.CCO,30,25,CF,0.153,c1(c2ccccc2)ccccn1,GMT-oNF,300,87.0,-8.0,0,0,C(C)#N,41.053,-0.33,0.34,786.0,37.5,15.3,18.0,6.1,52.6,467.52500000000026,5.630020000000005,0,0,0,0,0,0,1,0,1,0,0.8627229,0.9225254,0.92672646,1.0,1.0,0.9423949520000001,0.8699286185514475,1.0148612854485528
134,134,134,134,134,134,134,appcat,GMT-oNF-2,Acetonitrile,O=C(O)c1ccc(O[C@H]2CC[C@@H](Nc3c(Nc4ccccc4-c4ccc5ccccc5n4)c3=O)CC2)cc1.CCO,30,25,CF,0.153,c1(c2ccccc2)ccccn1,GMT-oNF,300,87.0,-8.0,0,0,C(C)#N,41.053,-0.33,0.34,786.0,37.5,15.3,18.0,6.1,52.6,551.6430000000003,6.380100000000007,0,0,0,0,0,0,1,0,1,0,0.92031157,0.9847286,0.92568433,1.0,1.0,0.9661449000000001,0.9165737240934271,1.015716075906573
135,135,135,135,135,135,135,appcat,GMT-oNF-2,Acetonitrile,CC(C)[C@H](Nc1c(Nc2ccccc2-c2ccc3ccccc3n2)c(=O)c(=O)c1=O)C(=O)O.CCO,30,25,CF,0.153,c1(c2ccccc2)ccccn1,GMT-oNF,300,87.0,-8.0,0,0,C(C)#N,41.053,-0.33,0.34,786.0,37.5,15.3,18.0,6.1,52.6,489.5280000000003,3.121300000000002,0,0,0,0,0,0,1,0,1,0,0.89928055,0.8984723,0.9362788,1.0,1.0,0.94680633,0.8836007533406589,1.0100119066593412
136,136,136,136,136,136,136,appcat,GMT-oNF-2,Acetonitrile,CC(C)[C@H](C)Nc1c(Nc2ccccc2-c2ccc3ccccc3n2)c(=S)c1=S.CO,30,25,CF,0.153,c1(c2ccccc2)ccccn1,GMT-oNF,300,87.0,-8.0,0,0,C(C)#N,41.053,-0.33,0.34,786.0,37.5,15.3,18.0,6.1,52.6,449.64500000000015,7.044880000000006,0,0,0,0,0,0,1,0,1,0,0.8438205,0.8568082,0.9103278,0.9595872,1.0,0.91410874,0.8315504948250846,0.9966669851749154
137,137,137,137,137,137,137,appcat,GMT-oNF-2,Acetonitrile,Cc1cccc(C)c1Nc1c(Nc2cc(-c3ccccn3)cc(-c3ccccn3)c2)c1=O.CC(OCC)=O,30,25,CF,0.153,c1(c2ccccc2)ccccn1,GMT-oNF,300,87.0,-8.0,0,0,C(C)#N,41.053,-0.33,0.34,786.0,37.5,15.3,18.0,6.1,52.6,506.60600000000034,6.719840000000007,0,0,0,0,0,0,1,0,1,0,0.88042176,0.9444566,0.925081,0.990849,1.0,0.948161672,0.8871917944581784,1.0091315495418216
138,138,138,138,138,138,138,appcat,GMT-oNF-2,Acetonitrile,S=c1c(Nc2cc(-c3ccccn3)cc(-c3ccccn3)c2)c(Nc2ccccc2/N=C/c2ccccc2)c1=S.N#CC,30,25,CF,0.153,c1(c2ccccc2)ccccn1,GMT-oNF,300,87.0,-8.0,0,0,C(C)#N,41.053,-0.33,0.34,786.0,37.5,15.3,18.0,6.1,52.6,594.769,9.912859999999997,0,0,0,0,0,0,1,0,1,0,0.8867948,0.98167515,0.93377817,0.9981104,1.0,0.960071704,0.8993418471333616,1.0208015608666383
139,139,139,139,139,139,139,appcat,GMT-oNF-2,Acetonitrile,O=C1[C@@H](NC(=S)Nc2cc(-c3ccccn3)cc(-c3ccccn3)c2)C(=O)N(c2ccccc2)c2ccccc2N1C[C@]12C[C@H]3C[C@H](C[C@H](C3)C1)C2.CCO,30,25,CF,0.153,c1(c2ccccc2)ccccn1,GMT-oNF,300,87.0,-8.0,0,0,C(C)#N,41.053,-0.33,0.34,786.0,37.5,15.3,18.0,6.1,52.6,750.9689999999996,8.392100000000005,0,0,0,0,0,0,1,0,1,0,0.9659984,1.0,0.9422622,1.0,1.0,0.98165212,0.948762441936033,1.014541798063967
140,140,140,140,140,140,140,appcat,GMT-oNF-2,Acetonitrile,O=C(Nc1ccccc1-c1ccc2ccccc2n1)NC1([C@H]2CCCS2(=O)=O)CCCCC1.O,30,25,CF,0.153,c1(c2ccccc2)ccccn1,GMT-oNF,300,87.0,-8.0,0,0,C(C)#N,41.053,-0.33,0.34,786.0,37.5,15.3,18.0,6.1,52.6,481.6180000000005,4.478700000000005,0,0,0,0,0,0,1,0,1,0,0.906501,0.99966824,0.95262486,1.0,1.0,0.97175882,0.9198209050368393,1.0236967349631607
141,141,141,141,141,141,141,appcat,GMT-oNF-2,Acetonitrile,O=S(=O)(Nc1ccc(-c2ccc(I)cc2)cc1)Nc1ccccc1-c1ccc2ccccc2n1.CC(C)=O,30,25,CF,0.153,c1(c2ccccc2)ccccn1,GMT-oNF,300,87.0,-8.0,0,0,C(C)#N,41.053,-0.33,0.34,786.0,37.5,15.3,18.0,6.1,52.6,635.527,7.537500000000006,0,0,0,0,0,0,1,0,1,0,0.9179401,1.0,0.9388087,1.0,1.0,0.9713497600000001,0.921784105811898,1.020915414188102
142,142,142,142,142,142,142,appcat,GMT-oNF-2,Acetonitrile,O=S(=O)(Nc1ccc(-c2ccc(I)cc2)cc1)Nc1ccccc1-c1ccc2ccccc2n1.O=CN(C)C,30,25,CF,0.153,c1(c2ccccc2)ccccn1,GMT-oNF,300,87.0,-8.0,0,0,C(C)#N,41.053,-0.33,0.34,786.0,37.5,15.3,18.0,6.1,52.6,650.542,6.646600000000007,0,0,0,0,0,0,1,0,1,0,0.9305794,1.0,0.9384523,1.0,1.0,0.97380634,0.9291374886287469,1.018475191371253
143,143,143,143,143,143,143,appcat,GMT-oNF-2,Acetonitrile,O=S(=O)(Nc1ccc(-c2ccc(I)cc2)cc1)Nc1ccccc1-c1ccc2ccccc2n1.O,30,25,CF,0.153,c1(c2ccccc2)ccccn1,GMT-oNF,300,87.0,-8.0,0,0,C(C)#N,41.053,-0.33,0.34,786.0,37.5,15.3,18.0,6.1,52.6,595.4620000000001,6.117500000000005,0,0,0,0,0,0,1,0,1,0,0.92184156,1.0,0.93344045,1.0,1.0,0.971056402,0.9215832348184072,1.0205295691815928
144,144,144,144,144,144,144,appcat,GMT-oNF-2,Acetonitrile,CC(=O)N[C@@H]1CCCC[C@H]1Nc1c(Nc2ccccc2-c2ccc3ccccc3n2)c(=O)c(=O)c1=O.CC(C)=O,30,25,CF,0.153,c1(c2ccccc2)ccccn1,GMT-oNF,300,87.0,-8.0,0,0,C(C)#N,41.053,-0.33,0.34,786.0,37.5,15.3,18.0,6.1,52.6,540.6200000000003,4.056100000000003,0,0,0,0,0,0,1,0,1,0,0.93550175,0.9455592,0.93337774,1.0,1.0,0.962887738,0.9204355812345154,1.0053398947654848
145,145,145,145,145,145,145,appcat,GMT-oNF-2,Acetonitrile,S=C(Nc1cc(-c2ccccn2)cc(-c2ccccn2)c1)NC1CCCCC1.CC1=CC=CC=C1,30,25,CF,0.153,c1(c2ccccc2)ccccn1,GMT-oNF,300,87.0,-8.0,0,0,C(C)#N,41.053,-0.33,0.34,786.0,37.5,15.3,18.0,6.1,52.6,480.6810000000003,7.424720000000007,0,0,0,0,0,0,1,0,1,0,0.88525474,0.9756547,0.89285225,0.9599,1.0,0.9427323380000001,0.8792679615725579,1.0061967144274424
146,146,146,146,146,146,146,appcat,GMT-oNF-2,Acetonitrile,CC(C)(C)c1cc(Nc2c(Nc3cc(-c4ccccn4)cc(-c4ccccn4)c3)c(=O)c2=O)n(-c2ccccc2)n1.CC(OCC)=O,30,25,CF,0.153,c1(c2ccccc2)ccccn1,GMT-oNF,300,87.0,-8.0,0,0,C(C)#N,41.053,-0.33,0.34,786.0,37.5,15.3,18.0,6.1,52.6,628.7330000000001,6.946400000000009,0,0,0,0,0,0,1,0,1,0,0.9194976,0.99388856,0.92419595,1.0,1.0,0.9675164219999999,0.9156172214018178,1.019415622598182
147,147,147,147,147,147,147,appcat,GMT-oNF-2,Acetonitrile,O=S(=O)(Nc1nc(-c2ccc(Br)cc2)cs1)Nc1ccccc1-c1ccc2ccccc2n1.CC1CCCO1,30,25,CF,0.153,c1(c2ccccc2)ccccn1,GMT-oNF,300,87.0,-8.0,0,0,C(C)#N,41.053,-0.33,0.34,786.0,37.5,15.3,18.0,6.1,52.6,623.5979999999998,7.741900000000006,0,0,0,0,0,0,1,0,1,0,0.9122772,1.0,0.94072866,1.0,1.0,0.970601172,0.9190798735190854,1.0221224704809146
148,148,148,148,148,148,148,appcat,GMT-oNF-2,Acetonitrile,S=c1c(Nc2cc(-c3ccccn3)cc(-c3ccccn3)c2)c(Nc2ccccc2/N=C/c2ccccc2)c1=S.CC1=CC=CC=C1,30,25,CF,0.153,c1(c2ccccc2)ccccn1,GMT-oNF,300,87.0,-8.0,0,0,C(C)#N,41.053,-0.33,0.34,786.0,37.5,15.3,18.0,6.1,52.6,645.8570000000001,11.377999999999988,0,0,0,0,0,0,1,0,1,0,0.8877517,0.99618804,0.9351293,0.99593437,1.0,0.9630006820000002,0.9009354848068685,1.025065879193132
149,149,149,149,149,149,149,appcat,GMT-oNF-2,Acetonitrile,O=C(CCNS(=O)(=O)Nc1cc(-c2ccccn2)cc(-c2ccccn2)c1)NCc1ccccc1.CC(OCC)=O,30,25,CF,0.153,c1(c2ccccc2)ccccn1,GMT-oNF,300,87.0,-8.0,0,0,C(C)#N,41.053,-0.33,0.34,786.0,37.5,15.3,18.0,6.1,52.6,575.6910000000001,4.332800000000003,0,0,0,0,0,0,1,0,1,0,0.8930533,1.0,0.9449324,1.0,1.0,0.96759714,0.9079833316176954,1.0272109483823044
150,150,150,150,150,150,150,appcat,GMT-oNF-2,Acetonitrile,Cc1ccc(Nc2c(Nc3ccccc3-c3ccc4ccccc4n3)c2=O)c(C(=O)O)c1.CC(C)=O,30,25,CF,0.153,c1(c2ccccc2)ccccn1,GMT-oNF,300,87.0,-8.0,0,0,C(C)#N,41.053,-0.33,0.34,786.0,37.5,15.3,18.0,6.1,52.6,479.5360000000003,6.226720000000005,0,0,0,0,0,0,1,0,1,0,0.86223537,0.9341308,0.9228804,1.0,1.0,0.943849314,0.8717130708879633,1.0159855571120366
151,151,151,151,151,151,151,appcat,GMT-oNF-2,Acetonitrile,O=C(CCNS(=O)(=O)Nc1cc(-c2ccccn2)cc(-c2ccccn2)c1)NCc1ccccc1.O=CN(C)C,30,25,CF,0.153,c1(c2ccccc2)ccccn1,GMT-oNF,300,87.0,-8.0,0,0,C(C)#N,41.053,-0.33,0.34,786.0,37.5,15.3,18.0,6.1,52.6,560.6800000000001,3.467800000000002,0,0,0,0,0,0,1,0,1,0,0.8907516,1.0,0.93794334,1.0,1.0,0.965738988,0.9039134800897535,1.0275644959102466
152,152,152,152,152,152,152,appcat,GMT-oNF-2,Acetonitrile,O=S(=O)(Nc1nc(-c2ccc(Br)cc2)cs1)Nc1ccccc1-c1ccc2ccccc2n1.CCO,30,25,CF,0.153,c1(c2ccccc2)ccccn1,GMT-oNF,300,87.0,-8.0,0,0,C(C)#N,41.053,-0.33,0.34,786.0,37.5,15.3,18.0,6.1,52.6,583.533,6.5552000000000055,0,0,0,0,0,0,1,0,1,0,0.9000035,1.0,0.9387554,1.0,1.0,0.9677517800000001,0.9103442450888181,1.0251593149111822
153,153,153,153,153,153,153,appcat,GMT-oNF-2,Acetonitrile,O=S(=O)(Nc1cccc(B(O)O)c1)Nc1ccccc1-c1ccc2ccccc2n1.N#CC,30,25,CF,0.153,c1(c2ccccc2)ccccn1,GMT-oNF,300,87.0,-8.0,0,0,C(C)#N,41.053,-0.33,0.34,786.0,37.5,15.3,18.0,6.1,52.6,460.3240000000002,2.880280000000001,0,0,0,0,0,0,1,0,1,0,0.86669254,1.0,0.916042,1.0,1.0,0.956546908,0.8795563089261323,1.0335375070738675
154,154,154,154,154,154,154,appcat,GMT-oNF-2,Acetonitrile,CCCCCNc1c(Nc2cc(-c3ccccn3)cc(-c3ccccn3)c2)c(=O)c1=O.CC(OCC)=O,30,25,CF,0.153,c1(c2ccccc2)ccccn1,GMT-oNF,300,87.0,-8.0,0,0,C(C)#N,41.053,-0.33,0.34,786.0,37.5,15.3,18.0,6.1,52.6,500.59900000000033,5.321700000000005,0,0,0,0,0,0,1,0,1,0,0.8966745,0.9627464,0.9245363,0.99354696,1.0,0.9555008319999999,0.9003217475805938,1.010679916419406
155,155,155,155,155,155,155,appcat,GMT-oNF-2,Acetonitrile,CC(=O)N[C@@H]1CCCC[C@H]1Nc1c(Nc2ccccc2-c2ccc3ccccc3n2)c(=O)c(=O)c1=O.CCO,30,25,CF,0.153,c1(c2ccccc2)ccccn1,GMT-oNF,300,87.0,-8.0,0,0,C(C)#N,41.053,-0.33,0.34,786.0,37.5,15.3,18.0,6.1,52.6,528.6090000000004,3.4594000000000027,0,0,0,0,0,0,1,0,1,0,0.9401336,0.9322022,0.93262976,1.0,1.0,0.960993112,0.916606488605003,1.0053797353949971
156,156,156,156,156,156,156,appcat,GMT-oNF-2,Acetonitrile,O=[N+]([O-])c1ccc(NS(=O)(=O)Nc2ccccc2-c2ccc3ccccc3n2)nc1.O=CN(C)C,30,25,CF,0.153,c1(c2ccccc2)ccccn1,GMT-oNF,300,87.0,-8.0,0,0,C(C)#N,41.053,-0.33,0.34,786.0,37.5,15.3,18.0,6.1,52.6,494.5330000000002,3.678200000000001,0,0,0,0,0,0,1,0,1,0,0.8984277,1.0,0.93027484,1.0,1.0,0.965740508,0.9058375672513163,1.0256434487486836
157,157,157,157,157,157,157,appcat,GMT-oNF-2,Acetonitrile,CCCCCNc1c(Nc2cc(-c3ccccn3)cc(-c3ccccn3)c2)c(=O)c1=O.O,30,25,CF,0.153,c1(c2ccccc2)ccccn1,GMT-oNF,300,87.0,-8.0,0,0,C(C)#N,41.053,-0.33,0.34,786.0,37.5,15.3,18.0,6.1,52.6,430.5080000000002,3.927600000000003,0,0,0,0,0,0,1,0,1,0,0.903463,0.92812103,0.90718675,0.9977304,1.0,0.947300236,0.8876903296708787,1.0069101423291213
158,158,158,158,158,158,158,appcat,GMT-oNF-2,Acetonitrile,C[C@@H]1CCc2ccccc2CN1C(=O)CN1C(=O)O[C@]2(CCc3cc(NC(=O)Nc4ccccc4-c4ccc5ccccc5n4)ccc32)C1=O.CC1CCCO1,30,25,CF,0.153,c1(c2ccccc2)ccccn1,GMT-oNF,300,87.0,-8.0,0,0,C(C)#N,41.053,-0.33,0.34,786.0,37.5,15.3,18.0,6.1,52.6,751.8839999999999,8.214900000000009,0,0,0,0,0,0,1,0,1,0,0.9640185,1.0,0.93824244,1.0,1.0,0.9804521879999999,0.9453431652814809,1.0155612107185188
159,159,159,159,159,159,159,appcat,GMT-oNF-2,Acetonitrile,C=C[C@@H]1CN2CC[C@@H]1C[C@@H]2[C@H](Nc1c(NCC(F)(F)C(F)(F)C(F)(F)C(F)(F)C(F)(F)C(F)(F)C(F)(F)C(F)(F)F)c(=S)c1=S)c1ccnc2ccc(OC)cc12.O,30,25,CF,0.153,C=CC1C[N@@]2CC[C@H]1CC2,GMT-oNF,300,87.0,-8.0,0,0,C(C)#N,41.053,-0.33,0.34,786.0,37.5,15.3,18.0,6.1,52.6,900.721,10.224179999999992,0,0,0,0,0,0,1,0,1,0,0.9641632,0.9829782,0.8971273,1.0,1.0,0.9688537399999999,0.9157867189720938,1.021920761027906
160,160,160,160,160,160,160,appcat,GMT-oNF-2,Acetonitrile,C=C[C@@H]1CN2CC[C@@H]1C[C@@H]2[C@H](Nc1c(Nc2cccc3cnccc23)c(=O)c(=O)c1=O)c1ccnc2ccccc12.CC1CCCO1,30,25,CF,0.153,C=CC1C[N@@]2CC[C@H]1CC2,GMT-oNF,300,87.0,-8.0,0,0,C(C)#N,41.053,-0.33,0.34,786.0,37.5,15.3,18.0,6.1,52.6,629.7610000000001,5.717700000000005,0,0,0,0,0,0,1,0,1,0,0.899528,0.98319244,0.9297217,1.0,1.0,0.962488428,0.905994196074246,1.018982659925754
161,161,161,161,161,161,161,appcat,GMT-oNF-2,Acetonitrile,C=C[C@@H]1CN2CC[C@H]1CC2[C@@H](Nc1c(Nc2nccc(OC)n2)c(=S)c1=S)c1ccnc2ccc(OC)cc12.CCO,30,25,CF,0.153,C=CC1C[N@@]2CC[C@H]1CC2,GMT-oNF,300,87.0,-8.0,0,0,C(C)#N,41.053,-0.33,0.34,786.0,37.5,15.3,18.0,6.1,52.6,604.8020000000001,6.168380000000007,0,0,0,0,0,0,1,0,1,0,0.89169335,0.9582375,0.9360305,1.0,1.0,0.95719227,0.9002784465919242,1.0141060934080757
162,162,162,162,162,162,162,appcat,GMT-oNF-2,Acetonitrile,C=C[C@@H]1CN2CC[C@H]1CC2[C@@H](Nc1c(NC(=O)c2cccc3ccccc23)c(=O)c(=O)c1=O)c1ccnc2ccc(OC)cc12.N#CC,30,25,CF,0.153,C=CC1C[N@@]2CC[C@H]1CC2,GMT-oNF,300,87.0,-8.0,0,0,C(C)#N,41.053,-0.33,0.34,786.0,37.5,15.3,18.0,6.1,52.6,641.7280000000002,5.184580000000004,0,0,0,0,0,0,1,0,1,0,0.92486817,0.9813449,0.9472679,0.99549365,1.0,0.969794924,0.9294071750308249,1.010182672969175
163,163,163,163,163,163,163,appcat,GMT-oNF-2,Acetonitrile,C=C[C@H]1CN2CC[C@H]1C[C@H]2[C@H](NS(=O)(=O)N[C@H]1[C@H]2C=C[C@H](C2)[C@H]1C(=O)OCC)c1ccnc2ccc(OC)cc12.CC1=CC=CC=C1,30,25,CF,0.153,C=CC1C[N@@]2CC[C@H]1CC2,GMT-oNF,300,87.0,-8.0,0,0,C(C)#N,41.053,-0.33,0.34,786.0,37.5,15.3,18.0,6.1,52.6,658.8650000000002,5.353720000000006,0,0,0,0,0,0,1,0,1,0,0.9084058,0.9856899,0.9480495,1.0,1.0,0.96842904,0.9191148754930402,1.0177432045069597
164,164,164,164,164,164,164,appcat,GMT-oNF-2,Acetonitrile,C=C[C@H]1CN2CC[C@H]1C[C@H]2[C@H](Nc1c(NC(=O)c2ccccc2Cl)c(=S)c1=S)c1ccnc2ccc(OC)cc12.CC1=CC=CC=C1,30,25,CF,0.153,C=CC1C[N@@]2CC[C@H]1CC2,GMT-oNF,300,87.0,-8.0,0,0,C(C)#N,41.053,-0.33,0.34,786.0,37.5,15.3,18.0,6.1,52.6,681.3270000000001,9.528299999999998,0,0,0,0,0,0,1,0,1,0,0.8990977,0.96462095,0.95391154,0.98615205,1.0,0.960756448,0.9124727132617311,1.0090401827382691
165,165,165,165,165,165,165,appcat,GMT-oNF-2,Acetonitrile,C=C[C@@H]1CN2CC[C@H]1C[C@H]2[C@H](NC(=S)Nc1nc(-c2ccc(Cl)c(Cl)c2Cl)c(-n2cncn2)s1)c1ccnc2ccc(OC)cc12.O,30,25,CF,0.153,C=CC1C[N@@]2CC[C@H]1CC2,GMT-oNF,300,87.0,-8.0,0,0,C(C)#N,41.053,-0.33,0.34,786.0,37.5,15.3,18.0,6.1,52.6,730.147,7.007200000000007,0,0,0,0,0,0,1,0,1,0,0.9076102,0.9754513,0.9332701,1.0,1.0,0.96326632,0.9119036721365235,1.0146289678634766
166,166,166,166,166,166,166,appcat,GMT-oNF-2,Acetonitrile,C=C[C@@H]1CN2CC[C@@H]1C[C@@H]2[C@H](Nc1c(Nc2nc(C)cc(C)n2)c(=S)c1=S)c1ccnc2ccccc12.CC1=CC=CC=C1,30,25,CF,0.153,C=CC1C[N@@]2CC[C@H]1CC2,GMT-oNF,300,87.0,-8.0,0,0,C(C)#N,41.053,-0.33,0.34,786.0,37.5,15.3,18.0,6.1,52.6,618.8760000000002,8.764440000000002,0,0,0,0,0,0,1,0,1,0,0.85149014,0.95967853,0.9305098,1.0,1.0,0.9483356940000001,0.871885369818316,1.0247860181816841
167,167,167,167,167,167,167,appcat,GMT-oNF-2,Acetonitrile,C=C[C@@H]1CN2CC[C@H]1CC2[C@@H](Nc1c(NC(=O)OCCCCC)c(=S)c1=S)c1ccnc2ccc(OC)cc12.N#CC,30,25,CF,0.153,C=CC1C[N@@]2CC[C@H]1CC2,GMT-oNF,300,87.0,-8.0,0,0,C(C)#N,41.053,-0.33,0.34,786.0,37.5,15.3,18.0,6.1,52.6,605.8300000000002,7.896160000000008,0,0,0,0,0,0,1,0,1,0,0.8945571,0.9659996,0.9493083,0.9831007,1.0,0.95859314,0.908321743269381,1.008864536730619
168,168,168,168,168,168,168,appcat,GMT-oNF-2,Acetonitrile,C=C[C@@H]1CN2CC[C@H]1C[C@H]2[C@H](Nc1c(Nc2nc[nH]n2)c(=S)c1=S)c1ccnc2ccc(OC)cc12.CCO,30,25,CF,0.153,C=CC1C[N@@]2CC[C@H]1CC2,GMT-oNF,300,87.0,-8.0,0,0,C(C)#N,41.053,-0.33,0.34,786.0,37.5,15.3,18.0,6.1,52.6,563.7530000000002,5.487880000000005,0,0,0,0,0,0,1,0,1,0,0.86528695,0.9182967,0.9239435,1.0,1.0,0.94150543,0.869372465323841,1.013638394676159
169,169,169,169,169,169,169,appcat,GMT-oNF-2,Acetonitrile,C=C[C@H]1CN2CC[C@H]1C[C@@H]2[C@H](NC(=O)Nc1ccc(OC(F)(F)F)cc1)c1ccnc2ccc(OC)cc12.CCO,30,25,CF,0.153,C=CC1C[N@@]2CC[C@H]1CC2,GMT-oNF,300,87.0,-8.0,0,0,C(C)#N,41.053,-0.33,0.34,786.0,37.5,15.3,18.0,6.1,52.6,572.6280000000002,5.899800000000006,0,0,0,0,0,0,1,0,1,0,0.8965038,0.9702637,0.9222826,0.9953727,1.0,0.95688456,0.900111819965694,1.0136573000343059
170,170,170,170,170,170,170,appcat,GMT-oNF-2,Acetonitrile,C=C[C@@H]1CN2CC[C@H]1C[C@H]2[C@H](Nc1c(Nc2ccc(C/C=N\OC(C)(C)C)cc2)c1=O)c1ccnc2ccc(OC)cc12.CC(C)=O,30,25,CF,0.153,C=CC1C[N@@]2CC[C@H]1CC2,GMT-oNF,300,87.0,-8.0,0,0,C(C)#N,41.053,-0.33,0.34,786.0,37.5,15.3,18.0,6.1,52.6,637.8250000000002,7.211100000000008,0,0,0,0,0,0,1,0,1,0,0.9175384,0.9500332,0.9350855,0.991833,1.0,0.95889802,0.9144301291097041,1.003365910890296
171,171,171,171,171,171,171,appcat,GMT-oNF-2,Acetonitrile,C=C[C@@H]1CN2CC[C@@H]1C[C@@H]2[C@H](Nc1c(Nc2ccccc2-c2ccccc2)c1=O)c1ccnc2ccc(OC)cc12.N#CC,30,25,CF,0.153,C=CC1C[N@@]2CC[C@H]1CC2,GMT-oNF,300,87.0,-8.0,0,0,C(C)#N,41.053,-0.33,0.34,786.0,37.5,15.3,18.0,6.1,52.6,583.7360000000001,7.469280000000007,0,0,0,0,0,0,1,0,1,0,0.8843149,0.9736317,0.932442,1.0,1.0,0.95807772,0.8964461881499031,1.019709251850097
172,172,172,172,172,172,172,appcat,GMT-oNF-2,Acetonitrile,C=C[C@@H]1CN2CC[C@@H]1C[C@@H]2[C@H](Nc1c(N[C@H]2C[C@H](N3CCCCCC3)c3ccccc3N(C)C2=O)c1=O)c1ccnc2ccc(OC)cc12.O,30,25,CF,0.153,C=CC1C[N@@]2CC[C@H]1CC2,GMT-oNF,300,87.0,-8.0,0,0,C(C)#N,41.053,-0.33,0.34,786.0,37.5,15.3,18.0,6.1,52.6,678.8780000000003,5.468400000000007,0,0,0,0,0,0,1,0,1,0,0.9237195,0.9793146,0.9302807,1.0,1.0,0.9666629600000001,0.9204095591496083,1.0129163608503917
173,173,173,173,173,173,173,appcat,GMT-oNF-2,Acetonitrile,C=C[C@@H]1CN2CC[C@H]1C[C@H]2[C@H](Nc1c(Nc2nc[nH]n2)c(=S)c1=S)c1ccnc2ccc(OC)cc12.CO,30,25,CF,0.153,C=CC1C[N@@]2CC[C@H]1CC2,GMT-oNF,300,87.0,-8.0,0,0,C(C)#N,41.053,-0.33,0.34,786.0,37.5,15.3,18.0,6.1,52.6,549.7260000000002,5.097780000000005,0,0,0,0,0,0,1,0,1,0,0.8677528,0.91440547,0.92134976,1.0,1.0,0.940701606,0.8687812050395459,1.0126220069604541
174,174,174,174,174,174,174,appcat,GMT-oNF-2,Acetonitrile,C=C[C@H]1CN2CCC1CC2[C@H](Nc1c(N[C@H](C)C(c2ccccc2)(c2ccccc2)c2ccccc2)c1=O)c1ccnc2ccc(OC)cc12.N#CC,30,25,CF,0.153,C=CC1C[N@@]2CC[C@H]1CC2,GMT-oNF,300,87.0,-8.0,0,0,C(C)#N,41.053,-0.33,0.34,786.0,37.5,15.3,18.0,6.1,52.6,701.915,8.893680000000003,0,0,0,0,0,0,1,0,1,0,0.9046293,0.986912,0.95214057,0.9981578,1.0,0.9683679340000001,0.9180926271148904,1.0186432408851098
175,175,175,175,175,175,175,appcat,GMT-oNF-2,Acetonitrile,C=C[C@H]1CN2CC[C@H]1C[C@H]2[C@H](NS(=O)(=O)NCCN1CCN/C1=N\C(=O)c1ccc(Cl)cc1)c1ccnc2ccc(OC)cc12.CC(OCC)=O,30,25,CF,0.153,C=CC1C[N@@]2CC[C@H]1CC2,GMT-oNF,300,87.0,-8.0,0,0,C(C)#N,41.053,-0.33,0.34,786.0,37.5,15.3,18.0,6.1,52.6,740.3270000000001,3.929300000000005,0,0,0,0,0,0,1,0,1,0,0.89102703,0.9967981,0.9525975,1.0,1.0,0.968084526,0.9090585503964084,1.0271105016035915
176,176,176,176,176,176,176,appcat,GMT-oNF-2,Acetonitrile,C=C[C@@H]1CN2CC[C@H]1C[C@H]2[C@H](NC(=O)Nc1cc(Cl)ccc1O)c1ccnc2ccc(OC)cc12.O=CN(C)C,30,25,CF,0.153,C=CC1C[N@@]2CC[C@H]1CC2,GMT-oNF,300,87.0,-8.0,0,0,C(C)#N,41.053,-0.33,0.34,786.0,37.5,15.3,18.0,6.1,52.6,566.1020000000002,5.066000000000003,0,0,0,0,0,0,1,0,1,0,0.9107566,0.95849,0.9317447,1.0,1.0,0.96019826,0.9104334032839956,1.0099631167160044
177,177,177,177,177,177,177,appcat,GMT-oNF-2,Acetonitrile,C=C[C@@H]1CN2CC[C@H]1C[C@H]2[C@H](NS(=O)(=O)N[N+](=O)[O-])c1ccnc2ccc(OC)cc12.O=CN(C)C,30,25,CF,0.153,C=CC1C[N@@]2CC[C@H]1CC2,GMT-oNF,300,87.0,-8.0,0,0,C(C)#N,41.053,-0.33,0.34,786.0,37.5,15.3,18.0,6.1,52.6,520.6120000000003,1.501000000000001,0,0,0,0,0,0,1,0,1,0,0.9042022,0.97564185,0.9388409,1.0,1.0,0.9637369899999999,0.9120326638663059,1.015441316133694
178,178,178,178,178,178,178,appcat,GMT-oNF-2,Acetonitrile,C=C[C@@H]1CN2CC[C@H]1C[C@H]2[C@H](Nc1c(NC(=O)c2ccc(OC)cc2)c(=O)c1=O)c1ccnc2ccc(OC)cc12.CC(C)=O,30,25,CF,0.153,C=CC1C[N@@]2CC[C@H]1CC2,GMT-oNF,300,87.0,-8.0,0,0,C(C)#N,41.053,-0.33,0.34,786.0,37.5,15.3,18.0,6.1,52.6,610.7110000000001,4.745200000000004,0,0,0,0,0,0,1,0,1,0,0.92219317,0.9612385,0.93871164,0.9921404,1.0,0.9628567419999999,0.9213199494418456,1.0043935345581543
179,179,179,179,179,179,179,appcat,GMT-oNF-2,Acetonitrile,C=C[C@H]1CN2CCC1CC2[C@H](Nc1c(N[C@H](C)C(c2ccccc2)(c2ccccc2)c2ccccc2)c1=O)c1ccnc2ccc(OC)cc12.CC1CCCO1,30,25,CF,0.153,C=CC1C[N@@]2CC[C@H]1CC2,GMT-oNF,300,87.0,-8.0,0,0,C(C)#N,41.053,-0.33,0.34,786.0,37.5,15.3,18.0,6.1,52.6,746.9959999999999,9.5491,0,0,0,0,0,0,1,0,1,0,0.91054213,0.9857379,0.95548576,0.99431384,1.0,0.9692159260000001,0.9232505715951118,1.0151812804048883
180,180,180,180,180,180,180,appcat,GMT-oNF-2,Acetonitrile,C=C[C@@H]1CN2CC[C@@H]1C[C@@H]2[C@H](Nc1c(NCCc2cc(OC)ccc2OC)c(=O)c1=O)c1ccnc2ccccc12.CC(C)=O,30,25,CF,0.153,C=CC1C[N@@]2CC[C@H]1CC2,GMT-oNF,300,87.0,-8.0,0,0,C(C)#N,41.053,-0.33,0.34,786.0,37.5,15.3,18.0,6.1,52.6,610.7550000000002,5.147500000000005,0,0,0,0,0,0,1,0,1,0,0.90504336,0.9714189,0.9309129,0.9930778,1.0,0.9600905919999999,0.9093082696374811,1.0108729143625186
181,181,181,181,181,181,181,appcat,GMT-oNF-2,Acetonitrile,C=C[C@@H]1CN2CC[C@H]1CC2[C@@H](Nc1c(Nc2cccc3c(C)c(C)[nH]c23)c1=O)c1ccnc2ccc(OC)cc12.CCO,30,25,CF,0.153,C=CC1C[N@@]2CC[C@H]1CC2,GMT-oNF,300,87.0,-8.0,0,0,C(C)#N,41.053,-0.33,0.34,786.0,37.5,15.3,18.0,6.1,52.6,579.7450000000003,6.369140000000007,0,0,0,0,0,0,1,0,1,0,0.8960041,0.9319526,0.9521854,1.0,1.0,0.95602842,0.900276695051322,1.011780144948678
182,182,182,182,182,182,182,appcat,GMT-oNF-2,Acetonitrile,C=C[C@H]1CN2CC[C@H]1C[C@@H]2[C@H](NC(=S)N[C@H](C)C(=O)O)c1ccnc2ccc(OC)cc12.CC1CCCO1,30,25,CF,0.153,C=CC1C[N@@]2CC[C@H]1CC2,GMT-oNF,300,87.0,-8.0,0,0,C(C)#N,41.053,-0.33,0.34,786.0,37.5,15.3,18.0,6.1,52.6,540.7300000000004,4.3034000000000034,0,0,0,0,0,0,1,0,1,0,0.90282536,0.96396613,0.94144154,0.97630745,1.0,0.956908096,0.9110874152040923,1.0027287767959079
183,183,183,183,183,183,183,appcat,GMT-oNF-2,Acetonitrile,C=C[C@@H]1CN2CC[C@@H]1C[C@@H]2[C@H](NC(=O)Nc1c(F)cccc1F)c1ccnc2ccc(OC)cc12.O=CN(C)C,30,25,CF,0.153,C=CC1C[N@@]2CC[C@H]1CC2,GMT-oNF,300,87.0,-8.0,0,0,C(C)#N,41.053,-0.33,0.34,786.0,37.5,15.3,18.0,6.1,52.6,551.6380000000001,4.985200000000004,0,0,0,0,0,0,1,0,1,0,0.9133536,0.9864441,0.9221754,1.0,1.0,0.96439462,0.9109550329636162,1.0178342070363837
184,184,184,184,184,184,184,appcat,GMT-oNF-2,Acetonitrile,C=C[C@@H]1CN2CC[C@H]1CC2[C@@H](Nc1c(NCCCC)c(=O)c(=O)c1=O)c1ccnc2ccc(OC)cc12.CO,30,25,CF,0.153,C=CC1C[N@@]2CC[C@H]1CC2,GMT-oNF,300,87.0,-8.0,0,0,C(C)#N,41.053,-0.33,0.34,786.0,37.5,15.3,18.0,6.1,52.6,534.6570000000004,3.069700000000001,0,0,0,0,0,0,1,0,1,0,0.94407344,0.9357903,0.9452677,0.9812236,1.0,0.961271008,0.9267091760730225,0.9958328399269775
185,185,185,185,185,185,185,appcat,GMT-oNF-2,Acetonitrile,C=C[C@H]1CN2CC[C@H]1C[C@@H]2[C@H](NS(=O)(=O)Nc1nnc(-c2ccc(Cl)cc2Cl)s1)c1ccnc2ccc(OC)cc12.CCO,30,25,CF,0.153,C=CC1C[N@@]2CC[C@H]1CC2,GMT-oNF,300,87.0,-8.0,0,0,C(C)#N,41.053,-0.33,0.34,786.0,37.5,15.3,18.0,6.1,52.6,677.6800000000001,5.951300000000007,0,0,0,0,0,0,1,0,1,0,0.8733994,0.98844206,0.9413791,1.0,1.0,0.960644112,0.8930524177839235,1.0282358062160764
186,186,186,186,186,186,186,appcat,GMT-oNF-2,Acetonitrile,C=C[C@@H]1CN2CC[C@@H]1C[C@@H]2[C@H](Nc1c(Nc2ccccc2/N=C/c2ccccc2)c(=S)c1=S)c1ccnc2ccc(OC)cc12.CO,30,25,CF,0.153,C=CC1C[N@@]2CC[C@H]1CC2,GMT-oNF,300,87.0,-8.0,0,0,C(C)#N,41.053,-0.33,0.34,786.0,37.5,15.3,18.0,6.1,52.6,661.8970000000002,8.73028,0,0,0,0,0,0,1,0,1,0,0.87431,0.9679836,0.9444221,1.0,1.0,0.9573431400000001,0.8927829090335911,1.021903370966409
187,187,187,187,187,187,187,appcat,GMT-oNF-2,Acetonitrile,C=C[C@H]1CN2CCC1CC2[C@H](Nc1c(Nc2ccccc2Nc2cccc3cccnc23)c(=O)c(=O)c1=O)c1ccnc2ccc(OC)cc12.CC1=CC=CC=C1,30,25,CF,0.153,C=CC1C[N@@]2CC[C@H]1CC2,GMT-oNF,300,87.0,-8.0,0,0,C(C)#N,41.053,-0.33,0.34,786.0,37.5,15.3,18.0,6.1,52.6,756.9070000000002,8.279620000000007,0,0,0,0,0,0,1,0,1,0,0.9230077,0.99364257,0.95340216,1.0,1.0,0.9740104859999998,0.9311671595198276,1.016853812480172
188,188,188,188,188,188,188,appcat,GMT-oNF-2,Acetonitrile,C=C[C@@H]1CN2CC[C@@H]1C[C@@H]2[C@H](NC(=S)NC(=O)C(Cl)(Cl)Cl)c1ccnc2ccccc12.CC1=CC=CC=C1,30,25,CF,0.153,C=CC1C[N@@]2CC[C@H]1CC2,GMT-oNF,300,87.0,-8.0,0,0,C(C)#N,41.053,-0.33,0.34,786.0,37.5,15.3,18.0,6.1,52.6,590.0200000000001,6.528220000000006,0,0,0,0,0,0,1,0,1,0,0.92565286,0.99552584,0.91212964,0.9349694,1.0,0.9536555480000001,0.9026163105492943,1.004694785450706
189,189,189,189,189,189,189,appcat,GMT-oNF-2,Acetonitrile,C=C[C@H]1CN2CCC1CC2[C@H](Nc1c(NCCCN2CCOCC2)c(=S)c1=S)c1ccnc2ccc(OC)cc12.CC(OCC)=O,30,25,CF,0.153,C=CC1C[N@@]2CC[C@H]1CC2,GMT-oNF,300,87.0,-8.0,0,0,C(C)#N,41.053,-0.33,0.34,786.0,37.5,15.3,18.0,6.1,52.6,665.9260000000002,6.331180000000006,0,0,0,0,0,0,1,0,1,0,0.89633894,0.9609759,0.9440753,0.9696859,1.0,0.9542152079999999,0.9067965793944588,1.001633836605541
190,190,190,190,190,190,190,appcat,GMT-oNF-2,Acetonitrile,C=C[C@@H]1CN2CC[C@H]1C[C@H]2[C@H](Nc1c(Nc2cc(Cl)c(OC(F)(F)[C@@H](F)C(F)(F)F)cc2Cl)c(=O)c(=O)c1=O)c1ccnc2ccc(OC)cc12.O,30,25,CF,0.153,C=CC1C[N@@]2CC[C@H]1CC2,GMT-oNF,300,87.0,-8.0,0,0,C(C)#N,41.053,-0.33,0.34,786.0,37.5,15.3,18.0,6.1,52.6,775.5299999999999,6.346900000000006,0,0,0,0,0,0,1,0,1,0,0.95031905,0.9707757,0.93650067,0.9951054,1.0,0.970540164,0.9363156557541001,1.0047646722458998
191,191,191,191,191,191,191,appcat,GMT-oNF-2,Acetonitrile,C=C[C@@H]1CN2CC[C@@H]1C[C@@H]2[C@H](Nc1c(Nc2ccc(OCCC(C)C)cc2)c(=O)c1=O)c1ccnc2ccccc12.CC1=CC=CC=C1,30,25,CF,0.153,C=CC1C[N@@]2CC[C@H]1CC2,GMT-oNF,300,87.0,-8.0,0,0,C(C)#N,41.053,-0.33,0.34,786.0,37.5,15.3,18.0,6.1,52.6,642.8440000000003,8.043920000000009,0,0,0,0,0,0,1,0,1,0,0.8966656,0.99108964,0.93053675,0.99662757,1.0,0.962983912,0.9049337786674998,1.0210340453325002
192,192,192,192,192,192,192,appcat,GMT-oNF-2,Acetonitrile,C=C[C@@H]1CN2CC[C@H]1CC2[C@@H](Nc1c(Nc2nccc(OC)n2)c(=S)c1=S)c1ccnc2ccc(OC)cc12.O=CN(C)C,30,25,CF,0.153,C=CC1C[N@@]2CC[C@H]1CC2,GMT-oNF,300,87.0,-8.0,0,0,C(C)#N,41.053,-0.33,0.34,786.0,37.5,15.3,18.0,6.1,52.6,631.8280000000001,5.874180000000006,0,0,0,0,0,0,1,0,1,0,0.90744925,0.9557667,0.93715125,1.0,1.0,0.9600734400000001,0.9100144328645817,1.0101324471354183
193,193,193,193,193,193,193,appcat,GMT-oNF-2,Acetonitrile,C=C[C@@H]1CN2CC[C@@H]1C[C@@H]2[C@H](Nc1c(Nc2ccc(-c3ccc(I)cc3)cc2)c1=O)c1ccnc2ccc(OC)cc12.CO,30,25,CF,0.153,C=CC1C[N@@]2CC[C@H]1CC2,GMT-oNF,300,87.0,-8.0,0,0,C(C)#N,41.053,-0.33,0.34,786.0,37.5,15.3,18.0,6.1,52.6,700.621,7.152500000000009,0,0,0,0,0,0,1,0,1,0,0.9066497,0.9995874,0.9372453,1.0,1.0,0.96869648,0.9140313524081551,1.0233616075918448
194,194,194,194,194,194,194,appcat,GMT-oNF-2,Acetonitrile,C=C[C@@H]1CN2CC[C@@H]1C[C@@H]2[C@H](NC(=S)NC(=O)C(Cl)(Cl)Cl)c1ccnc2ccccc12.N#CC,30,25,CF,0.153,C=CC1C[N@@]2CC[C@H]1CC2,GMT-oNF,300,87.0,-8.0,0,0,C(C)#N,41.053,-0.33,0.34,786.0,37.5,15.3,18.0,6.1,52.6,538.9320000000001,5.063080000000005,0,0,0,0,0,0,1,0,1,0,0.917342,0.97723126,0.90459263,0.9299103,1.0,0.9458152380000001,0.8950512566817751,0.9965792193182251
195,195,195,195,195,195,195,appcat,GMT-oNF-2,Acetonitrile,C=C[C@H]1CN2CCC1CC2[C@H](Nc1c(Nc2ccc(C(C)(C)C)cc2C#Cc2ccccn2)c1=O)c1ccnc2ccc(OC)cc12.CC(C)=O,30,25,CF,0.153,C=CC1C[N@@]2CC[C@H]1CC2,GMT-oNF,300,87.0,-8.0,0,0,C(C)#N,41.053,-0.33,0.34,786.0,37.5,15.3,18.0,6.1,52.6,681.8810000000001,7.960000000000008,0,0,0,0,0,0,1,0,1,0,0.939392,0.95777136,0.95364094,0.9951148,1.0,0.9691838199999999,0.9358582049496994,1.0025094350503005
196,196,196,196,196,196,196,appcat,GMT-oNF-2,Acetonitrile,C=C[C@@H]1CN2CC[C@@H]1C[C@@H]2[C@H](Nc1c(NCc2c(O)c(=O)cc(C)n2C)c(=O)c1=O)c1ccnc2ccc(OC)cc12.O,30,25,CF,0.153,C=CC1C[N@@]2CC[C@H]1CC2,GMT-oNF,300,87.0,-8.0,0,0,C(C)#N,41.053,-0.33,0.34,786.0,37.5,15.3,18.0,6.1,52.6,587.6770000000002,2.389120000000001,0,0,0,0,0,0,1,0,1,0,0.884851,0.9699552,0.9350759,1.0,1.0,0.9579764199999999,0.8973150191223928,1.0186378208776072
197,197,197,197,197,197,197,appcat,GMT-oNF-2,Acetonitrile,C=C[C@H]1CN2CC[C@H]1C[C@H]2[C@H](Nc1c(NC(=O)/C(C#N)=C(\NCc2ccccc2)SC)c1=O)c1ccnc2ccc(OC)cc12.N#CC,30,25,CF,0.153,C=CC1C[N@@]2CC[C@H]1CC2,GMT-oNF,300,87.0,-8.0,0,0,C(C)#N,41.053,-0.33,0.34,786.0,37.5,15.3,18.0,6.1,52.6,661.832,5.885160000000005,0,0,0,0,0,0,1,0,1,0,0.89013314,0.99098504,0.95103776,1.0,1.0,0.9664311879999999,0.9078127721807947,1.0250496038192052
