,solute_smiles_1,solvent,membrane,solvent_smiles,solvent_viscosity,solvent_density,permeance,solute_diffusivity_1,solute_density_1,solute_mw_1,solute_solubility_1,solute_rejection_1,solute_molar_volume_1,solute_permeance_1,solute_cost_1,bnf_binary_energy,bnf_binary_recovery,bnf_binary_no_stages,bnf_binary_total_area,bnf_binary_productivity,bnf_binary_cost_EUR,bnf_binary_cost_USA,bnf_binary_cost_IND,bnf_binary_cost_CHN,bnf_binary_cost_membrane,bnf_binary_cost_waste
0,[Mg++].[O-]S(=O)(=O)C(F)(F)F.[O-]S(=O)(=O)C(F)(F)F,Toluene,GMT-oNF-2,Cc1ccccc1,0.00059,867.0,9.472222222222224e-13,1e-09,1300,0.32188909074,10000,0.518286826,0.0002476069928769,2.128635258750128e-06,3159.26712,253885038.84197798,0.01390161382019302,5.0,30720.0,0.00014221350938057461,1279.0667006539504,1257.698043218084,1255.6528581829682,1253.6076731478522,80.21538644772828,1167.1862079728755
1,C1=C\CC/C=C\CC/1.[Cl-].[Ir+].[Cl-].[Ir+].C2=C\CC/C=C\CC/2,Toluene,GMT-oNF-2,Cc1ccccc1,0.00059,867.0,9.472222222222224e-13,1e-09,1300,0.672051358928,10000,0.591318554,0.0005169625837907,1.4861095661767614e-06,237325.044,57916237.117529884,0.06093993567889465,4.0,10200.0,0.0006258603088264456,57167.39007555817,57162.51545893411,57162.048911468446,57161.582364002774,18.227248879931512,57141.93938488219
2,CC(c1c(OC)c(C(C)(C)C)cc([P]2(c3ccc(OCO4)c4c3c5c6c(OCO6)ccc5[P](c7cc(C(C)(C)C)c(OC)c(C(C)(C)C)c7)(c8cc(C(C)(C)C)c(OC)c(C(C)(C)C)c8)[Ir+]2)c9cc(C(C)(C)C)c(OC)c(C(C)(C)C)c9)c1)(C)C,Toluene,GMT-oNF-2,Cc1ccccc1,0.00059,867.0,9.472222222222224e-13,1e-09,1300,1.37165172124009,10000,0.88789471,0.0010551167086462,3.2884024796859845e-07,661244.518,6973169.597979716,0.5061416784884211,3.0,2520.0,0.005260017138729192,40327.85284956845,40327.26594112729,40327.209768372195,40327.1535956171,2.16875939986129,40324.8143809604
3,CC(c1cc(C=[N]2[C@H]3CCCC[C@@H]3[N]4=Cc5cc(C(C)(C)C)cc(C(C)(C)C)c5O[Mn]42(Cl)O6)c6c(C(C)(C)C)c1)(C)C,Toluene,GMT-oNF-2,Cc1ccccc1,0.00059,867.0,9.472222222222224e-13,1e-09,1300,0.634309776684,10000,0.570970858,0.0004879305974492,1.5991646217157688e-06,41745.344,65276918.4285496,0.05406829626262281,4.0,10200.0,0.0005552877635931672,11440.249176278647,11434.755035644244,11434.229193801348,11433.703351958451,20.543783531683054,11411.563910420737
4,CC(c1c2c([P]3(c4ccccc4)c5ccccc5)ccc1)(c6c(O2)c([P]([Rh+]73O[C-](C=C(C)O7)C)(c8ccccc8)c9ccccc9)ccc6)C,Toluene,GMT-oNF-2,Cc1ccccc1,0.00059,867.0,9.472222222222224e-13,1e-09,1300,0.7801429473679999,10000,0.943538344,0.0006001099595138,1.6494840612323045e-07,,4511115.31383322,0.7823811893885823,2.0,600.0,0.008537343538608211,,,,,1.3362132566718932,
5,CC([O+]1[Ru]([C-]2N(CCN2c3c(C)cc(C)cc3C)c4c(C)cc(C)cc4C)(Cl)(Cl)=Cc5cc(c6cc(C)c(O[Si](C(C)(C)C)(C)C)c(C)c6)ccc51)C,Toluene,GMT-oNF-2,Cc1ccccc1,0.00059,867.0,9.472222222222224e-13,1e-09,1300,0.8602844603500001,10000,0.86111515,0.0006617572771923,4.208964308799965e-07,,8126383.523740939,0.4343151851490681,3.0,2520.0,0.004513568857472982,,,,,2.5274260730869345,
6,CC(C[Si]1(O[Si](CC(C)C)(O2)O[Si](CCCNC(OCCc3ccc(OC(C)C)c(C=[Ru](Cl)(Cl)=C4N(c5c(C)cc(C)cc5C)CCN4c6c(C)cc(C)cc6C)c3)=O)(O7)O8)O[Si]9(CC(C)C)O[Si]2(CC(C)C)O[Si]7(CC(C)C)O[Si](O9)(CC(C)C)O[Si]8(CC(C)C)O1)C,Toluene,GMT-oNF-2,Cc1ccccc1,0.00059,867.0,9.472222222222224e-13,1e-09,1300,1.5694589867519992,10000,0.88415018,0.0012072761436553,3.382913570614112e-07,,7126083.557056681,0.49528071576018,3.0,2520.0,0.0051471458765477,,,,,2.2163179141722353,
7,CC(C)Oc1ccccc1C=[Ru](Cl)(Cl)=C2N(CCN2c3c(C)cc(C)cc3C)c4c(C)cc(C)cc4C,Toluene,GMT-oNF-2,Cc1ccccc1,0.00059,867.0,9.472222222222224e-13,1e-09,1300,0.6261404684960001,10000,0.7172535760000001,0.0004816465142276,9.540171230795822e-07,363126.29,17354325.403640512,0.20337360759442125,3.0,2520.0,0.002113536005781262,88906.7527437244,88905.29208800293,88905.15228927051,88905.0124905381,5.397453169402524,88899.19082052549
8,CC(C)c1cc(CN(C2CCCCC2)C3CCCCC3)cc(C(C)C)c1N(/C4=[Pd](Cl)\C/C=C\c5ccccc5)CCN4c6c(C(C)C)cc(CN(C7CCCCC7)C8CCCCC8)cc6C(C)C,Toluene,GMT-oNF-2,Cc1ccccc1,0.00059,867.0,9.472222222222224e-13,1e-09,1300,1.034612362656,10000,0.919958374,0.0007958556635815,2.346156167633235e-07,50935.5469,4974381.333801235,0.7095177325315425,2.0,600.0,0.007742257497384193,5215.449514639785,5215.03083754419,5214.990766139001,5214.950694733812,1.4734347981715468,5213.355663947481
9,CC(O[Co+3]12(OC(C)=C[C-](O1)C)(OC(C)=C[C-](O2)C)O3)=C[C-]3C,Toluene,GMT-oNF-2,Cc1ccccc1,0.00059,867.0,9.472222222222224e-13,1e-09,1300,0.356067008392,10000,0.401711172,0.000273897698763,2.979633010014852e-06,881.102232,3365535238.184214,0.0010486925600012684,7.0,245880.0,1.0722889103118096e-05,2030.0483458298702,1746.782463282699,1719.671207197326,1692.5599511119533,1063.8654846978868,546.4258272584523
10,O=C([O-][Pd]([P](c1ccccc1)(c2ccccc2)c3ccccc3)[P](c4ccccc4)(c5ccccc5)c6ccccc6)C,Toluene,GMT-oNF-2,Cc1ccccc1,0.00059,867.0,9.472222222222224e-13,1e-09,1300,0.68909961313591,10000,0.915182592,0.0005300766254891,2.522850344160169e-07,,5072101.876652666,0.6958479641254994,2.0,600.0,0.007593092984537452,,,,,1.5023800757189523,
11,c1([P](c2ccccc2)([Pd][P](c3ccccc3)(c4ccccc4)c5ccccc5)c6ccccc6)ccccc1,Toluene,GMT-oNF-2,Cc1ccccc1,0.00059,867.0,9.472222222222224e-13,1e-09,1300,0.63008576022,10000,0.927839392,0.0004846813540153,2.1362833464809046e-07,,4815865.505476265,0.7328717466657826,2.0,600.0,0.007997096499617022,,,,,1.4264816753926548,
12,CC(O[Pd]([P](c1ccc(c2c(C(C)C)cc(C(C)C)cc2C(C)C)cc1)(C3CCCCC3)C4CCCCC4)(OC(C)=O)[P](c5ccc(c6c(C(C)C)cc(C(C)C)cc6C(C)C)cc5)(C7CCCCC7)C8CCCCC8)=O,Toluene,GMT-oNF-2,Cc1ccccc1,0.00059,867.0,9.472222222222224e-13,1e-09,1300,1.1766444710679995,10000,0.951229964,0.0009051111315907,1.40884570878985e-07,261180.612,4367007.532492439,0.8081991474586476,2.0,600.0,0.008819069097068765,15497.605603517872,15497.238047050554,15497.202868378765,15497.167689706976,1.2935278641644907,15495.767412769794
13,CC(O[Pd]1([P](c2ccccc2)(c3ccccc3)c4cc5ccccc5cc4c6cc7ccccc7cc6[P]1(c8ccccc8)c9ccccc9)OC(C)=O)=O,Toluene,GMT-oNF-2,Cc1ccccc1,0.00059,867.0,9.472222222222224e-13,1e-09,1300,0.8461280189560001,10000,0.93867104,0.0006508677068892,1.792758261950832e-07,,4604089.388865389,0.7665819376229911,2.0,600.0,0.00836494210334208,,,,,1.3637526084600933,
14,CC(O[Pd]OC(C)=O)=O,Toluene,GMT-oNF-2,Cc1ccccc1,0.00059,867.0,9.472222222222224e-13,1e-09,1300,0.223930094672,10000,0.698108796,0.0001722539189784,1.1363429654268158e-06,,19045959.704742696,0.18531026104329162,3.0,2520.0,0.0019258148271470465,,,,,5.923576582879524,
15,CC(O[Rh+]([C]=O)([C]=O)O1)=C[C-]1C,Toluene,GMT-oNF-2,Cc1ccccc1,0.00059,867.0,9.472222222222224e-13,1e-09,1300,0.257939937704,10000,0.68544424,0.0001984153366953,1.1876608669580675e-06,908.56238,20236638.062094472,0.17440702125897448,3.0,2520.0,0.0018125042056932666,277.6225140281611,275.91926365793483,275.75624629576794,275.5932289336011,6.293895251231747,268.80466030751813
16,CC1=C[C-](C)O[Rh+]([P](c2ccccc2)(c3ccccc3)c4ccccc4)([P](c5ccccc5)(c6ccccc6)c7ccccc7)O1,Toluene,GMT-oNF-2,Cc1ccccc1,0.00059,867.0,9.472222222222224e-13,1e-09,1300,0.726132382684,10000,0.925866974,0.0005585633712953,2.1891319948979778e-07,,4855189.091145201,0.7269360056733433,2.0,600.0,0.007932325693907524,,,,,1.4381295036602182,
17,CC(C)Oc1c(C=[Ru]([P](C2CCCCC2)(C3CCCCC3)C4CCCCC4)(Cl)Cl)cccc1,Toluene,GMT-oNF-2,Cc1ccccc1,0.00059,867.0,9.472222222222224e-13,1e-09,1300,0.6001628573500001,10000,0.79952553,0.000461663736423,6.434361923001261e-07,103545.164,11392506.164834086,0.3098011722477995,3.0,2520.0,0.0032195718014933227,14422.830581772068,14421.871712503194,14421.779939536867,14421.688166570539,3.543238764782081,14417.866444321728
18,Cc1cc(C)c(N2CCN(C2=[Ru](Cl)(Cl)([P](C3CCCCC3)(C4CCCCC4)C5CCCCC5)=C6C=C(C7=CC=CC=C76)c8ccccc8)c9c(C)cc(C)cc9C)c(C)c1,Toluene,GMT-oNF-2,Cc1ccccc1,0.00059,867.0,9.472222222222224e-13,1e-09,1300,0.948361891498,10000,0.930873538,0.0007295091473061,2.0221300299589562e-07,621374.8059,4755897.804239558,0.7421126167933323,2.0,600.0,0.008097932874448845,53984.61822187004,53984.21793380485,53984.17962240587,53984.1413110069,1.4087189644464475,53982.61633676279
19,Cc1c([P]([Pd](OC(C)=O)([P](c2c(C)cccc2)(c3c(C)cccc3)c4c(C)cccc4)OC(C)=O)(c5c(C)cccc5)c6c(C)cccc6)cccc1,Toluene,GMT-oNF-2,Cc1ccccc1,0.00059,867.0,9.472222222222224e-13,1e-09,1300,0.832206269276,10000,0.910600012,0.0006401586686738,2.649561147738882e-07,232636.4235,5167260.968580669,0.6830333877399138,2.0,600.0,0.007453260327017941,26991.331194617913,26990.896283486392,26990.85465832859,26990.813033170787,1.5305666396352298,26989.156155707475
20,Cl[Pd]([P](c1ccccc1)(c2ccccc2)c3ccccc3)(Cl)[P](c4ccccc4)(c5ccccc5)c6ccccc6,Toluene,GMT-oNF-2,Cc1ccccc1,0.00059,867.0,9.472222222222224e-13,1e-09,1300,0.7000234655800001,10000,0.926021698,0.0005384795889076,2.1864882369981778e-07,58711.87059,4852092.719753763,0.727399901147189,2.0,600.0,0.007937387721318127,5502.751718208415,5502.343333737836,5502.3042474353715,5502.2651611329065,1.4372123441080933,5500.709342077871
21,Cl[Ru](=Cc1ccccc1OC(C)C(C)=O)(Cl)=C2N(CCN2c3c(C)cc(C)cc3C)c4c(C)cc(C)cc4C,Toluene,GMT-oNF-2,Cc1ccccc1,0.00059,867.0,9.472222222222224e-13,1e-09,1300,0.6541353831160001,10000,0.72885933,0.0005031810639353,9.037281828843076e-07,,16387771.206661195,0.2153686258001497,3.0,2520.0,0.002238192804505937,,,,,5.0968404464907495,
22,Cl[Ru]1([P](c2ccccc2)(c(c3c4c([P]1(c5ccccc5)c6ccccc6)ccc7ccccc47)ccc8c3cccc8)c9ccccc9)Cl,Toluene,GMT-oNF-2,Cc1ccccc1,0.00059,867.0,9.472222222222224e-13,1e-09,1300,0.794039978944,10000,0.946027826,0.000610799983803,1.5742643836645665e-07,,4464093.57646453,0.7906222627844427,2.0,600.0,0.008627270131503838,,,,,1.322285200204102,
23,COc1cc(c2cc(OC)cc(C(C)(C)C)c2O[P]34Oc5c(c6c(O3)cccc6)cccc5)c(O[P]7(Oc8c(c9c(O7)cccc9)cccc8)[Rh+]4%10O[C-](C=C(C)O%10)C)c(C(C)(C)C)c1,Toluene,GMT-oNF-2,Cc1ccccc1,0.00059,867.0,9.472222222222224e-13,1e-09,1300,0.988201250092,10000,0.927527926,0.000760154807763,2.120634743122684e-07,,4822121.690723245,0.7319209242470454,2.0,600.0,0.007986721125383761,,,,,1.4283347864487108,
24,COc1c(c2c(OC)cccc2[P](c3cc(C(C)(C)C)c(OC)c(C(C)(C)C)c3)([Ir+][P]4(c5cc(C(C)(C)C)c(OC)c(C(C)(C)C)c5)c6cc(C(C)(C)C)c(OC)c(C(C)(C)C)c6)c7cc(C(C)(C)C)c(OC)c(C(C)(C)C)c7)c4ccc1,Toluene,GMT-oNF-2,Cc1ccccc1,0.00059,867.0,9.472222222222224e-13,1e-09,1300,1.34369319212809,10000,0.924376938,0.0010336101477908,2.1964707020438066e-07,,4885162.4491667,0.7224758237687512,2.0,600.0,0.007883656188964614,,,,,1.44700775117752,
25,O.O=[W](=O)=O.O=[W](=O)=O.O=[W](=O)=O.O=[W](=O)=O.O=[W](=O)=O.O=[W](=O)=O.O=[W](=O)=O.O=[W](=O)=O.O=[W](=O)=O.O=[W](=O)=O.O=[W](=O)=O.O=[W](=O)=O.OP(O)(O)=O,Toluene,GMT-oNF-2,Cc1ccccc1,0.00059,867.0,9.472222222222224e-13,1e-09,1300,2.8992155606100014,10000,1.0,0.0022301658158538,0.0,12197.85882,3529411.76470666,0.9999999999997795,2.0,600.0,0.010911999999997595,1.485624196135824,1.1885653726063468,1.160134000057321,1.131702627508295,1.0454281170319772,6.723773653551184e-10
26,O=C(O[Pd]1([P](CCCC[P]1(c2ccccc2)c3ccccc3)(c4ccccc4)c5ccccc5)OC(C(F)(F)F)=O)C(F)(F)F,Toluene,GMT-oNF-2,Cc1ccccc1,0.00059,867.0,9.472222222222224e-13,1e-09,1300,0.758040187956,10000,0.8965620699999999,0.0005831078368892,3.097505023498087e-07,,6629702.936369229,0.5323634857520135,3.0,2520.0,0.005532524149072355,,,,,2.0619361625313766,
27,O=C(C)O[Pd]1([P](c2ccccc2)(c3ccccc3)CCC[P](c4ccccc4)1c5ccccc5)OC(C)=O,Toluene,GMT-oNF-2,Cc1ccccc1,0.00059,867.0,9.472222222222224e-13,1e-09,1300,0.6360810687640001,10000,0.8836247799999999,0.0004892931298184,3.534440686116141e-07,,7146203.460756167,0.49388626899414106,3.0,2520.0,0.005132654254537208,,,,,2.2225755033014614,
28,O=C(O[Pd]([P]1(c2ccccc2)c3ccccc3)(OC(C)=O)[P](c4ccccc4)(C5=C1C=CC=C5)c6ccccc6)C,Toluene,GMT-oNF-2,Cc1ccccc1,0.00059,867.0,9.472222222222224e-13,1e-09,1300,0.6700654187,10000,0.897271752,0.0005154349374615,3.089208412519766e-07,,6602194.704002942,0.5345815933853001,3.0,2520.0,0.0055555755685908524,,,,,2.0533806933606233,
29,O=C[Rh]([P](c1ccccc1)(c2ccccc2)c3ccccc3)([H])([P](c4ccccc4)(c5ccccc5)c6ccccc6)[P](c7ccccc7)(c8ccccc8)c9ccccc9,Toluene,GMT-oNF-2,Cc1ccccc1,0.00059,867.0,9.472222222222224e-13,1e-09,1300,0.919189480014,10000,0.95021532,0.00070706883078,1.4452793809306414e-07,154624.9412,4385806.420672813,0.8047349623252286,2.0,600.0,0.008781267908892896,9381.594214075702,9381.22507536863,9381.189745261352,9381.154415154073,1.2990961819417552,9379.748110370738
30,C1(C2=CC=CC=C23)=[N]([Ir]345([N]6=C(C7=CC=CC=C75)C=CC=C6)[N]8=C(C9=CC=CC=C94)C=CC=C8)C=CC=C1,Toluene,GMT-oNF-2,Cc1ccccc1,0.00059,867.0,9.472222222222224e-13,1e-09,1300,0.655159949168,10000,0.427947307,0.0005039691916676,2.35848614491644e-06,1503683.012,1789826173.1557803,0.001971929910088925,6.0,245880.0,2.0162997766456555e-05,496257.85991486785,496107.21621196053,496092.7981677879,496078.38012361526,565.7745810014645,495468.8542361589
31,CC(C)(C)C1=CC(C2=[N]3C=CC(C(C)(C)C)=C2)=[N]([Ir+]453([N]6=C(C7=C5C=CC=C7)C=CC=C6)C8=CC=CC=C8C9=CC=CC=[N]94)C=C1,Toluene,GMT-oNF-2,Cc1ccccc1,0.00059,867.0,9.472222222222224e-13,1e-09,1300,0.7692876751000899,10000,0.6477117640000001,0.0005917597500769,1.2091450784229537e-06,2365517.647,41114893.00757157,0.08584265959432069,4.0,10200.0,0.0008816142131700964,393626.1470886644,393622.6865851696,393622.3553818648,393622.02417856,12.939573163221503,393608.07957467885
32,CC(C)(C)C1=CC=[N]([Ir+]23([N]4=C(C5=C3C=C(F)C=C5F)C=CC(C(F)(F)F)=C4)6C(C=C(C(F)(F)F)C=C7)=C7C8=C(F)C=C(F)C=[N]82)C(C9=[N]6C=CC(C(C)(C)C)=C9)=C1,Toluene,GMT-oNF-2,Cc1ccccc1,0.00059,867.0,9.472222222222224e-13,1e-09,1300,0.97722475710809,10000,0.8175262160000001,0.0007517113516216,5.596251892873015e-07,2230621.059,10343760.158383144,0.34121167840936983,3.0,2520.0,0.0035460017474314705,269175.229571471,269174.35897165764,269174.27564692305,269174.1923221884,3.217063167358432,269170.7224115505
33,FC(C(C=C1)=C[N]2=C1C3=CC=CC=[N]3[Ir+]245([N]6=CC=CC=C6C7=C5C=C(C(F)(F)F)C=C7)[N]8=C(C9=C4C=C(C(F)(F)F)C=C9)C=CC=C8)(F)F,Toluene,GMT-oNF-2,Cc1ccccc1,0.00059,867.0,9.472222222222224e-13,1e-09,1300,0.8611246284720899,10000,0.773507086,0.0006624035603631,7.163708213184198e-07,1808468.588,13064105.317178579,0.2701610006209074,3.0,2520.0,0.002807616036928897,305353.9158063426,305352.81624414504,305352.7110055189,305352.6057668927,4.063130949176624,305348.2232911469
34,Fc1cc2c(c3c([Ir+]245(n6cccc(F)c6c7cc(C(C)(C)C)ccn75)n8c(c9c(F)cccn94)cc(C(C)(C)C)cc8)cc(F)cc3F)c(F)c1,Toluene,GMT-oNF-2,Cc1ccccc1,0.00059,867.0,9.472222222222224e-13,1e-09,1300,0.8772311442280901,10000,0.7215155520000001,0.0006747931878677,9.023610144105954e-07,1466727.059,16995993.273391284,0.20766140042144438,3.0,2520.0,0.002158096382284573,349778.85510470934,349777.4246086088,349777.28769644076,349777.15078427276,5.28600655035349,349771.44932010904
35,FC1=CC=C(C2=[N]([Ir+]345([N]6=CC=C(C(C)(C)C)C=C6C7=[N]5C=CC(C(C)(C)C)=C7)C8=C(C9=[N]4C=CC=C9)C=CC(F)=C8)C=CC=C2)C3=C1,Toluene,GMT-oNF-2,Cc1ccccc1,0.00059,867.0,9.472222222222224e-13,1e-09,1300,0.80526883147609,10000,0.6727482859999999,0.0006194375626739,1.0999670611576512e-06,,35129119.910739675,0.10046968935384204,4.0,10200.0,0.0010318355296274112,,,,,11.055746081131426,
36,CC(C1=CC=C(C2=[N]([Ir+]345([N]6=CC=CC=C6C7=[N]5C=CC=C7)C8=C(C9=[N]4C=CC=C9)C=CC(C(C)(C)C)=C8)C=CC=C2)C3=C1)(C)C,Toluene,GMT-oNF-2,Cc1ccccc1,0.00059,867.0,9.472222222222224e-13,1e-09,1300,0.76928767510009,10000,0.648258152,0.0005917597500769,1.2068807021617462e-06,,40975331.133592136,0.0861350394753106,4.0,10200.0,0.000884616988945496,,,,,12.895650609931126,
37,n12ccccc1c3ccccn3[Ru+2]245(n6c(c7n5cccc7)cccc6)n8c(c9ccccn94)cccc8,Toluene,GMT-oNF-2,Cc1ccccc1,0.00059,867.0,9.472222222222224e-13,1e-09,1300,0.57010949690818,10000,0.442200896,0.0004385457668524,2.358710083273175e-06,240674.0,523679910.59575534,0.00673963559283897,5.0,30720.0,6.894647211474267e-05,184968.09144612108,184924.01505364594,184919.7965210328,184915.57798841968,165.45751019813437,184737.3194137403
38,n1([Ru+2]23(n4c5c(n3ccc6)c6ccc5ccc4)7n8cccc9ccc%10cccn2c%10c89)cccc%11ccc%12cccn7c%12c1%11,Toluene,GMT-oNF-2,Cc1ccccc1,0.00059,867.0,9.472222222222224e-13,1e-09,1300,0.6421094969081801,10000,0.34265558,0.000493930382237,2.9253093525518896e-06,728518.4824,11135757614.358107,0.0003169440182637566,8.0,1475160.0,3.2410185330210837e-06,254240.58759234982,253303.32799314134,253213.6232790257,253123.91856491,3519.7921569479076,249331.91899961114
39,CCCC[N+](CCCC)(CCCC)CCCC.CCCC[N+](CCCC)(CCCC)CCCC.CCCC[N+](CCCC)(CCCC)CCCC.CCCC[N+](CCCC)(CCCC)CCCC.[O-][W](=O)(=O)[O-].[O-][W](=O)(=O)[O-],Toluene,GMT-oNF-2,Cc1ccccc1,0.00059,867.0,9.472222222222224e-13,1e-09,1300,1.4650002799679993,10000,0.98448735,0.001126923292283,4.425719006175672e-08,2953060.518,3781822.1821686523,0.9332569313668715,2.0,600.0,0.010183699635075304,52799.57123885407,52799.25293548707,52799.22247080838,52799.19200612969,1.1201932521418152,52797.97936833532
40,c1(/C2=N/C3=N/C(c4ccccc43)=N\5)ccccc1/C(N2)=N/C6=N/C(c7ccccc76)=N\C8=c(cccc9)c9=C5N8,Toluene,GMT-oNF-2,Cc1ccccc1,0.00059,867.0,9.472222222222224e-13,1e-09,1300,0.5141654425760002,10000,0.2834722756,0.0003955118789046,3.6611792241632967e-06,34153.13882,51599676042.6361,6.839988223549269e-05,9.0,7866840.0,6.995066491565371e-07,32901.761149284524,28558.788415695984,28143.12435868586,27727.460301675736,16308.224699230243,10157.910188069945
41,c1(c(cccc1)c2n3[Cu]45[N](C(c6ccccc67)=N8)=C7N=2)c3=NC9=[N]4C(c%10ccccc%109)=Nc%11n5c8c%12c%11cccc%12,Toluene,GMT-oNF-2,Cc1ccccc1,0.00059,867.0,9.472222222222224e-13,1e-09,1300,0.5750793900120003,10000,0.274965083,0.0004423687615476,3.579132756942135e-06,200946.7706,82020663568.28462,4.3030763360839465e-05,9.0,7375080.0,4.4006862025259874e-07,137490.0223104198,130586.61646008918,129925.89444801133,129265.17243593348,25922.574544175433,101337.64833786665
42,Cl[Ru]1(Cl)[P](c(c2c3c([P]1(c4ccccc4)c5ccccc5)ccc6c3cccc6)ccc7c2cccc7)(c8ccccc8)c9ccccc9,Toluene,GMT-oNF-2,Cc1ccccc1,0.00059,867.0,9.472222222222224e-13,1e-09,1300,0.794039978944,10000,0.94602782,0.000610799983803,1.5742645633006757e-07,,4464093.689369971,0.7906222427880982,2.0,600.0,0.00862726991330373,,,,,1.3222852336472164,
43,CC[C@@H]1[P]2([C@H](CC1)CC)c3c([P]4([C@H](CC[C@@H]4CC)CC)[Rh+]2)cccc3.O=[S-](OC(F)(F)F)=O.C5/C=C\CC/C=C\C5,Toluene,GMT-oNF-2,Cc1ccccc1,0.00059,867.0,9.472222222222224e-13,1e-09,1300,0.722180653316,10000,0.902796966,0.0005555235794738,2.906363196529507e-07,,5332113.066729239,0.6619161522902312,2.0,600.0,0.007222829053791005,,,,,1.5793965948928173,
44,CC(C)Oc1ccccc1C=[Ru](Cl)(Cl)=C2N(CCN2c3c(C)c(CN(C4CCCCC4)C5CCCCC5)c(C)c(CN(C6CCCCC6)C7CCCCC7)c3C)c8c(C)c(CN(C9CCCCC9)C%10CCCCC%10)c(C)c(CN(C%11CCCCC%11)C%12CCCCC%12)c8C,Toluene,GMT-oNF-2,Cc1ccccc1,0.00059,867.0,9.472222222222224e-13,1e-09,1300,1.39887266744,10000,0.965609352,0.0010760558980307,9.864861747552792e-08,,4106491.5788093396,0.8594713265500525,2.0,600.0,0.009378551115314175,,,,,1.2163618316717222,
45,Cl[Ru]Cl,Toluene,GMT-oNF-2,Cc1ccccc1,0.00059,867.0,9.472222222222224e-13,1e-09,1300,0.17184205466,10000,0.1257790868,0.0001321861958923,9.738991879146051e-06,,inf,0.0,inf,inf,0.0,inf,inf,inf,inf,inf,inf
46,I[Pd](I)(=C1N(Cc2ccccc2)C=CN1Cc3ccccc3)=C4N(Cc5ccccc5)C=CN4Cc6ccccc6,Toluene,GMT-oNF-2,Cc1ccccc1,0.00059,867.0,9.472222222222224e-13,1e-09,1300,0.8559751290239999,10000,0.89514538,0.0006584424069415,3.127362844520264e-07,286854.0235,6684821.867711351,0.5279739437416346,3.0,2520.0,0.005486906356294018,16031.470559468808,16030.907920294942,16030.854070341007,16030.800220387073,2.079078969511601,16028.557734660795
47,Cl[Rh]([P](c1ccccc1)(c2ccccc2)c3ccccc3)([P](c4ccccc4)(c5ccccc5)c6ccccc6)[P](c7ccccc7)(c8ccccc8)c9ccccc9,Toluene,GMT-oNF-2,Cc1ccccc1,0.00059,867.0,9.472222222222224e-13,1e-09,1300,0.92414776801,10000,0.956509768,0.0007108828984692,1.2589992082400258e-07,279960.6871,4269980.565859474,0.8265638942072027,2.0,600.0,0.009019465213588998,14687.68300394342,14687.32361391246,14687.289216846792,14687.254819781123,1.2647880271064431,14685.885654451295
48,CC(C)(c1cc(C(C)(C)C)c2c(C=[N]3[C@H]4CCCC[C@@H]4[N]5=Cc6c(O[Co]5(OC(C)=O)3O2)c(C(C)(C)C)cc(C(C)(C)C)c6)c1)C,Toluene,GMT-oNF-2,Cc1ccccc1,0.00059,867.0,9.472222222222224e-13,1e-09,1300,0.6623493782399998,10000,0.5363105459999999,0.000509499521723,1.7573483972530473e-06,38497.30353,214236188.74289346,0.016474395784465516,5.0,30720.0,0.00016853306887508224,12064.714422265628,12046.682876379768,12044.95708485934,12043.23129333891,67.68826847570128,11970.306140249493
49,Cl[Ni]12[N]3=C(C=CC=C3N[P]2(C(C)(C)C)C(C)(C)C)N[P]1(C(C)(C)C)C(C)(C)C,Toluene,GMT-oNF-2,Cc1ccccc1,0.00059,867.0,9.472222222222224e-13,1e-09,1300,0.490181767152,10000,0.668663252,0.0003770628978092,1.1916614548105937e-06,,36041451.12686382,0.09792646118166988,4.0,10200.0,0.001005716277095889,,,,,11.34287261014745,
50,Br[Ni]12[N]3=C(C=CC=C3N[P]2(C(C)(C)C)C(C)(C)C)N[P]1(C(C)(C)C)C(C)(C)C,Toluene,GMT-oNF-2,Cc1ccccc1,0.00059,867.0,9.472222222222224e-13,1e-09,1300,0.534131251572,10000,0.703017912,0.0004108701935169,1.029902036079318e-06,,18601047.963345688,0.1897426301819536,3.0,2520.0,0.001971877695757598,,,,,5.785202417773463,
51,Cl[Ni]12[N]3=C(N[P]2(c4ccccc4)c5ccccc5)C=CC=C3N[P]1(c6ccccc6)c7ccccc7,Toluene,GMT-oNF-2,Cc1ccccc1,0.00059,867.0,9.472222222222224e-13,1e-09,1300,0.57005656664,10000,0.766540946,0.0004385050512615,7.689799126456734e-07,,13541996.454490487,0.2606271369636594,3.0,2520.0,0.002708536493854716,,,,,4.211762196644903,
52,Cl[Ni]12[N]3=C(N[P]2(C(C)(C)C)C(C)(C)C)C=CC=C3N[P]1(c4ccccc4)c5ccccc5,Toluene,GMT-oNF-2,Cc1ccccc1,0.00059,867.0,9.472222222222224e-13,1e-09,1300,0.530119166896,10000,0.664805752,0.0004077839745353,1.1974875860983016e-06,,36931825.278699785,0.09556559249568013,4.0,10200.0,0.000981469877941517,,,,,11.62308886847995,
53,[H][Ru]12(Cl)(C=O)[N]3=C(N[P](C(C)(C)C)2C(C)(C)C)C=CC=C3N[P](C(C)(C)C)1C(C)(C)C,Toluene,GMT-oNF-2,Cc1ccccc1,0.00059,867.0,9.472222222222224e-13,1e-09,1300,0.564161338236,10000,0.589075304,0.0004339702601815,1.5424865326272803e-06,,58687045.209333465,0.06013953764611363,4.0,10200.0,0.0006176401268653101,,,,,18.469835616004467,
54,[H][Ru]12(C=O)(n3c(c4n2cccc4)cccc3N[P]1(C(C)(C)C)C(C)(C)C)Cl,Toluene,GMT-oNF-2,Cc1ccccc1,0.00059,867.0,9.472222222222224e-13,1e-09,1300,0.482070201126,10000,0.347197632,0.0003708232316353,3.1800160495109e-06,,8276482100.813809,0.0004264386392328261,8.0,1475160.0,4.360692908864806e-06,,,,,2616.031867288753,
55,CC([P]1(NC2=CC=CC(N3)=[N]2[Mn+]1(C=O)(C=O)[P]3(C(C)(C)C)C(C)(C)C)C(C)(C)C)(C)C,Toluene,GMT-oNF-2,Cc1ccccc1,0.00059,867.0,9.472222222222224e-13,1e-09,1300,0.51022054739609,10000,0.6265004,0.0003924773441508,1.3823750466317214e-06,,46851724.58335457,0.07533152292882316,4.0,10200.0,0.0007736636030111233,,,,,14.74505401139623,
56,[Pd].O=C(/C=C/c1ccccc1)\C=C\c2ccccc2.O=C(/C=C/c3ccccc3)\C=C\c4ccccc4,Toluene,GMT-oNF-2,Cc1ccccc1,0.00059,867.0,9.472222222222224e-13,1e-09,1300,0.574112416136,10000,0.8111145480000002,0.0004416249354892,6.035317083336337e-07,62370.58824,10706837.976952761,0.3296409054011273,3.0,2520.0,0.003425753866416287,7931.98308870352,7931.081929840459,7930.995680312311,7930.909430784164,3.3299857660188925,7927.317722312042
57,Cl[Pt]([S](C)C)(Cl)=C1N(c2c(C(C)C)cccc2C(C)C)CCN1c3c(C(C)C)cccc3C(C)C,Toluene,GMT-oNF-2,Cc1ccccc1,0.00059,867.0,9.472222222222224e-13,1e-09,1300,0.717225016868,10000,0.85458318,0.0005517115514369,4.4651686359886045e-07,,8430541.372117242,0.41864592188336625,3.0,2520.0,0.00435072790437266,,,,,2.6220236851827035,
58,O=C(/C=C/c1ccccc1)/C=C/c2ccccc2.O=C(/C=C/c3ccccc3)/C=C/c4ccccc4.O=C(/C=C/c5ccccc5)/C=C/c6ccccc6.[Pd].[Pd],Toluene,GMT-oNF-2,Cc1ccccc1,0.00059,867.0,9.472222222222224e-13,1e-09,1300,0.914120367204,10000,0.928537656,0.0007031695132338,2.094607264312271e-07,81746.86306,4802054.080817701,0.7349795952537228,2.0,600.0,0.008020097343408625,7371.132944242028,7370.728771356893,7370.690088143464,7370.651404930035,1.4223906674182618,7369.111630718419
59,[H][Rh]([C]=O)([C]=O)[C]=O,Toluene,GMT-oNF-2,Cc1ccccc1,0.00059,867.0,9.472222222222224e-13,1e-09,1300,0.187898072892,10000,0.752014538,0.0001445369791476,8.899538200063146e-07,,14586071.427726567,0.2419713753764325,3.0,2520.0,0.0025146587124834593,,,,,4.536485033304677,
60,CCCC[N+](CCCC)(CCCC)CCCC.CCCC[N+](CCCC)(CCCC)CCCC.CCCC[N+](CCCC)(CCCC)CCCC.CCCC[N+](CCCC)(CCCC)CCCC.O=[W]([O-])([O-])=O.O=[W]([O-])([O-])=O.O=[W]([O-])([O-])=O.O=[W]([O-])([O-])=O.O=[W]([O-])([O-])=O.O=[W]([O-])([O-])=O.O=[W]([O-])([O-])=O.O=[W]([O-])([O-])=O.O=[W]([O-])([O-])=O.O=[W]([O-])([O-])=O,Toluene,GMT-oNF-2,Cc1ccccc1,0.00059,867.0,9.472222222222224e-13,1e-09,1300,3.448453774686563,10000,1.0,0.0026526567497588,0.0,2953060.518,3529411.76470666,0.9999999999997795,2.0,600.0,0.010911999999997595,1.4856243582437414,1.188565534714264,1.1601341621652383,1.1317027896162124,1.0454281170319772,1.6278029448672216e-07
61,Cl[Ru]12([P](C3CCCCC3)(CC(OC(C)(C)O4)C4C[P]1(C5CCCCC5)C6CCCCC6)C7CCCCC7)([N]8=C(NC9=C8C=CC=C9)C(C)[NH2]2)Cl,Toluene,GMT-oNF-2,Cc1ccccc1,0.00059,867.0,9.472222222222224e-13,1e-09,1300,0.8553129063039998,10000,0.831469834,0.0006579330048492,5.182849795277243e-07,,9585587.429335466,0.36819984072176615,3.0,2520.0,0.003826473011386584,,,,,2.9812601785257735,
62,Cl[Ru]1([N]2=C(C(C3=CC=CC=C3)(O1)C4=CC=CC=C4)C=CC=C2)(=CC5=CC=CC=C5)=C6N(CCN6C7=C(C=C(C=C7C)C)C)C8=C(C=C(C=C8C)C)C,Toluene,GMT-oNF-2,Cc1ccccc1,0.00059,867.0,9.472222222222224e-13,1e-09,1300,0.7932372900720001,10000,0.903858804,0.0006101825308246,2.8635140592893e-07,,5309480.556096233,0.6647376758265903,2.0,600.0,0.007253617518619754,,,,,1.572692740383301,
63,Cl[Ru](Cl)([P](C1CCCCC1)(C2CCCCC2)C3CCCCC3)([P](C4CCCCC4)(C5CCCCC5)C6CCCCC6)=Cc7ccccc7,Toluene,GMT-oNF-2,Cc1ccccc1,0.00059,867.0,9.472222222222224e-13,1e-09,1300,0.822352980224,10000,0.898658138,0.0006325792155569,3.022179565797793e-07,,5421100.3515785225,0.6510508081035954,2.0,600.0,0.0071042664180264335,,,,,1.605755040957415,
64,CC(C)c1c(N2/C(N(c3c(C(C)C)cccc3C(C)C)C=C2)=[Au]/OS(=O)(C(F)(F)F)=O)c(C(C)C)ccc1,Toluene,GMT-oNF-2,Cc1ccccc1,0.00059,867.0,9.472222222222224e-13,1e-09,1300,0.734206442372,10000,0.8185034259999998,0.0005647741864399,5.677561833799832e-07,,10288198.220034773,0.3430544094526547,3.0,2520.0,0.0035651521104260652,,,,,3.1997825786140455,
65,O=S(O/[Au]=C1N(c2c(C(c3ccccc3)c4ccccc4)cccc2C(c5ccccc5)c6ccccc6)C=CN\1c7c(C(c8ccccc8)c9ccccc9)cccc7C(c%10ccccc%10)c%11ccccc%11)(C(F)(F)F)=O,Toluene,GMT-oNF-2,Cc1ccccc1,0.00059,867.0,9.472222222222224e-13,1e-09,1300,1.230331642884,10000,0.97131564,0.0009464089560646,8.226154801927389e-08,,4006289.4299080046,0.8809677449556926,2.0,600.0,0.00961312003295652,,,,,1.1866814909146595,
66,CC(C)c1c(N2/C(N(c3c(C(C)C)cccc3C(C)C)C=C2)=[Au]\O)c(C(C)C)ccc1,Toluene,GMT-oNF-2,Cc1ccccc1,0.00059,867.0,9.472222222222224e-13,1e-09,1300,0.602257157504,10000,0.535168694,0.0004632747365415,1.7977740835834044e-06,,216536161.1677631,0.016299410434137337,5.0,30720.0,0.00016674296874122498,,,,,68.41494846331122,
67,CC(C)c1c(N2/C(N(c3c(C(C)C)cccc3C(C)C)C=C2)=[Au]\CC(C)=O)c(C(C)C)ccc1,Toluene,GMT-oNF-2,Cc1ccccc1,0.00059,867.0,9.472222222222224e-13,1e-09,1300,0.642288457632,10000,0.666946606,0.0004940680443323,1.1585644908852315e-06,,36439041.525736324,0.0968579747689882,4.0,10200.0,0.0009947427959333642,,,,,11.468001235783367,
68,CC(C)c1c(N2/C(N(c3c(C(C)C)cccc3C(C)C)CC2CC45CC6CC(CC(C5)C6)C4)=[Au]/CC(C)=O)c(C(C)C)ccc1,Toluene,GMT-oNF-2,Cc1ccccc1,0.00059,867.0,9.472222222222224e-13,1e-09,1300,0.7924293082080001,10000,0.825064624,0.0006095610063138,5.424712458706692e-07,,9927543.946016748,0.35551711318507906,3.0,2520.0,0.0036946692753100797,,,,,3.087613738334676,
69,CC(C)c1c(N2/C(N(c3c(C(C)C)cccc3C(C)C)C=C2)=[Au]/[O+](/[Au]=C4N(c5c(C(C)C)cccc5C(C)C)C=CN/4c6c(C(C)C)cccc6C(C)C)[H])c(C(C)C)ccc1,Toluene,GMT-oNF-2,Cc1ccccc1,0.00059,867.0,9.472222222222224e-13,1e-09,1300,1.18751102677609,10000,0.934847158,0.0009134700205969,1.892214966107129e-07,,4678139.569604211,0.7544477269634956,2.0,600.0,0.008232533596625666,,,,,1.3856866150811933,
70,O[Fe]12(n3c(c4n1c(N[P]2(C(C)(C)C)C(C)(C)C)ccc4)cccc3)O,Toluene,GMT-oNF-2,Cc1ccccc1,0.00059,867.0,9.472222222222224e-13,1e-09,1300,0.4051268512659999,10000,0.2993549279999999,0.0003116360394353,3.831913074656447e-06,,40857765380.582405,8.638288785081796e-05,9.0,5900280.0,8.833914077624526e-07,,,,,12913.541509244562,
71,CCCCCCCC[P](CCCCCCCC)(CCCCCCCC)[Co]([C]=O)([C]=O)[C]=O,Toluene,GMT-oNF-2,Cc1ccccc1,0.00059,867.0,9.472222222222224e-13,1e-09,1300,0.5132907771219999,10000,0.844320962,0.0003948390593246,4.896462356688207e-07,,8927548.336255591,0.3953394181437941,3.0,2520.0,0.004108517838842935,,,,,2.7766002389472724,
72,CC1(C)c2c(Oc3c1cccc3[P](c4ccccc4)(c5ccccc5)[Pd+]67O[C-](C)C=C(O7)C)c([P]6(c8ccccc8)c9ccccc9)ccc2,Toluene,GMT-oNF-2,Cc1ccccc1,0.00059,867.0,9.472222222222224e-13,1e-09,1300,0.7831409293679998,10000,0.943894,0.0006024160995138,1.6386766893065033e-07,,4504376.020425376,0.7835517613763912,2.0,600.0,0.008550116820139182,,,,,1.3342170467402716,
73,CC(Oc1c(C=[Ru](Cl)(Cl)=C2N(c3c(C)cc(C)cc3C)C(CC(CCCC)CC)CN2c4c(C)cc(C)cc4C)cccc1)C,Toluene,GMT-oNF-2,Cc1ccccc1,0.00059,867.0,9.472222222222224e-13,1e-09,1300,0.7382656690080001,10000,0.863407188,0.0005678966684676,4.167723396059068e-07,,8021474.531621252,0.4399953837405676,3.0,2520.0,0.0045725996451210235,,,,,2.4947978170847476,
74,CC(C)Oc1ccccc1C=[Ru](Cl)(Cl)=C2N(CCN2c3c(C)cc(OCC45CC6CC(CC(C5)C6)C4)cc3C)c7c(C)cc(OCC89CC%10CC(CC(C9)C%10)C8)cc7C,Toluene,GMT-oNF-2,Cc1ccccc1,0.00059,867.0,9.472222222222224e-13,1e-09,1300,0.926349398632,10000,0.8844839199999999,0.0007125764604861,3.45078626390733e-07,,7111318.008300806,0.4963090893398546,3.0,2520.0,0.005157833126549043,,,,,2.2117256090219795,
75,CC(C)Oc1ccccc1C=[Ru](Cl)(Cl)=C2N(CCN2c3c(C)cc(OCCOCCOC)cc3C)c4c(C)cc(OCCOCCOC)cc4C,Toluene,GMT-oNF-2,Cc1ccccc1,0.00059,867.0,9.472222222222224e-13,1e-09,1300,0.8342351567280001,10000,0.8903590259999999,0.0006417193513292,3.2810254248991405e-07,,6873458.755542053,0.5134840973418405,3.0,2520.0,0.005336322352565872,,,,,2.1377478456797565,
76,CC(C)Oc1ccc(c2c(C)cccc2)cc1C=[Ru](Cl)(Cl)=C3N(CCN3c4c(C)cc(C)cc4C)c5c(C)cc(C)cc5C,Toluene,GMT-oNF-2,Cc1ccccc1,0.00059,867.0,9.472222222222224e-13,1e-09,1300,0.7161874186880001,10000,0.7857920359999999,0.0005509133989907,6.838893077091786e-07,,12251467.435265591,0.2880807367243653,3.0,2520.0,0.0029938447610821668,,,,,3.8103884881883276,
77,CC(C)Oc1ccc(c2cc(C(C)(C)C)c(OCCCC)c(C(C)(C)C)c2)cc1C=[Ru](Cl)(Cl)=C3N(CCN3c4c(C)cc(C)cc4C)c5c(C)cc(C)cc5C,Toluene,GMT-oNF-2,Cc1ccccc1,0.00059,867.0,9.472222222222224e-13,1e-09,1300,0.8863544840119999,10000,0.8887060059999999,0.0006818111415476,3.324663914074666e-07,,6939730.308813025,0.5085805366562659,3.0,2520.0,0.005285362681898262,,,,,2.158359283861537,
78,O=C(C(F)(F)F)O[Pd]OC(C(F)(F)F)=O,Toluene,GMT-oNF-2,Cc1ccccc1,0.00059,867.0,9.472222222222224e-13,1e-09,1300,0.3318735638,10000,0.601433826,0.0002552873567692,1.6010296171819236e-06,46934.11765,54517772.7601883,0.06473873722301512,4.0,10200.0,0.0006648744476023918,10618.382654461893,10613.794075254576,10613.354904307342,10612.915733360107,17.157692936144333,10594.425383756492
79,CC(O[Pd](OC(C)=O)([P](c1ccccc1)(c2ccccc2)c3ccccc3)[P](c4ccccc4)(c5ccccc5)c6ccccc6)=O,Toluene,GMT-oNF-2,Cc1ccccc1,0.00059,867.0,9.472222222222224e-13,1e-09,1300,0.7481123688920001,10000,0.911984766,0.0005754710529938,2.6157927474903854e-07,,5138361.787759537,0.6868749049772146,2.0,600.0,0.0074951789631113675,,,,,1.5220065683815107,
80,CC1(c2c(Oc3c1cccc3[P](c4ccccc4)([Pd][P]5(c6ccccc6)c7ccccc7)c8ccccc8)c5ccc2)C,Toluene,GMT-oNF-2,Cc1ccccc1,0.00059,867.0,9.472222222222224e-13,1e-09,1300,0.684096324904,10000,0.92165866,0.0005262279422338,2.3224054866725e-07,,4939813.046856985,0.7144828622515405,2.0,600.0,0.0077964369928888114,,,,,1.4631955114182904,
81,c1([P]([Pd]([P](c2ccccc2)(c3ccccc3)c4ccccc4)([P](c5ccccc5)(c6ccccc6)c7ccccc7)[P](c8ccccc8)(c9ccccc9)c%10ccccc%10)(c%11ccccc%11)c%12ccccc%12)ccccc1,Toluene,GMT-oNF-2,Cc1ccccc1,0.00059,867.0,9.472222222222224e-13,1e-09,1300,1.1542680344400005,10000,0.9750123980000002,0.0008878984880307,7.1617126431845e-08,52747.91529,3942334.1182144717,0.8952594221781469,2.0,600.0,0.00976907081480794,1544.4656281020532,1544.133814980437,1544.102057288929,1544.0702995974211,1.1677376312759074,1542.8061937988111
82,O=C1[Co](C2=O)([C]=O)([C]=O)([C]=O)[Co]12([C]=O)([C]=O)[C]=O,Toluene,GMT-oNF-2,Cc1ccccc1,0.00059,867.0,9.472222222222224e-13,1e-09,1300,0.3418257069599999,10000,0.65394507,0.0002629428515076,1.3141299705264485e-06,5817.172941,39535003.19509349,0.08927308661869292,4.0,10200.0,0.0009168451022900493,944.6291819574989,941.3016525219118,940.9831761072846,940.6646996926576,12.442354313238756,927.2559341902054
83,CCCCCCCC[P](CCCCCCCC)([Co]12([C]=O)([C]=O)[Co](C2=O)([C]=O)([C]=O)([P](CCCCCCCC)(CCCCCCCC)CCCCCCCC)C1=O)CCCCCCCC,Toluene,GMT-oNF-2,Cc1ccccc1,0.00059,867.0,9.472222222222224e-13,1e-09,1300,1.026581554244,10000,0.931211574,0.0007896781186492,2.007822778012174e-07,,4749257.464120549,0.7431502274554926,2.0,600.0,0.008109255281994337,,,,,1.4067520649374456,
84,[H]O(c1c(/C=N/CC/N=C/c2ccccc23)cccc1)[Ni]O3[H],Toluene,GMT-oNF-2,Cc1ccccc1,0.00059,867.0,9.472222222222224e-13,1e-09,1300,0.3260565206519999,10000,0.313255512,0.0002508127081938,3.957404417585777e-06,,28377722897.461185,0.00012437262064538806,8.0,2950200.0,1.271866137911581e-06,,,,,8969.270643357184,
85,FC1=CC(F)=CC2=C1C3=CC=CC=[N]3[Ir]245([N]6=C(C(O5)=O)C=CC=C6)[N]7=CC=CC=C7C8=C4C=C(F)C=C8F,Toluene,GMT-oNF-2,Cc1ccccc1,0.00059,867.0,9.472222222222224e-13,1e-09,1300,0.6950807910319999,10000,0.364479396,0.000534677531563,2.706041666062011e-06,699563.4824,2304799403.7179747,0.0015313314291093756,7.0,368760.0,1.5660422725932816e-05,198990.69669071623,198796.70940757,198778.1429679289,198759.57652828784,728.442125266508,197974.79486204157
86,Fc1c(F)c(F)c(C(N=c(c2c(F)c(F)c(F)c(F)c23)n4c3=NC5=[N](C(c6c5c(F)c(F)c(F)c6F)=N7)[Cu]894)=[N]9C%10=Nc%11n8c7c%12c(F)c(F)c(F)c(F)c%11%12)c%10c1F,Toluene,GMT-oNF-2,Cc1ccccc1,0.00059,867.0,9.472222222222224e-13,1e-09,1300,0.86292864102,10000,0.331038616,0.000663791262323,2.7135542596748324e-06,66572.65882,15374505809.605711,0.00022956261543709394,8.0,1843920.0,2.347508560390069e-06,31944.68317063478,30650.662264992963,30526.812079304473,30402.961893615982,4859.497343496325,25167.643296995964
87,CC1=CC(C2=CC=C(C)C=C2[Ir+3]345([N](C=C6)=C(C7=[N]5C=CC(C(C)(C)C)=C7)C=C6C(C)(C)C)[N](C=C8)=C(C9=CC=C(C)C=C94)C=C8C)=[N]3C=C1,Toluene,GMT-oNF-2,Cc1ccccc1,0.00059,867.0,9.472222222222224e-13,1e-09,1300,0.8253491781962701,10000,0.6723395719999999,0.0006348839832279,1.0978674333641425e-06,1449383.765,35221046.55646083,0.10020746427986137,4.0,10200.0,0.0010291424472676212,203366.20570365697,203363.2412655718,203362.95754047454,203362.6738153773,11.084676998153132,203350.7281794633
88,CC(c1cc(C(C)(C)C)c(O[Co]23Oc4c(C=[N]2[C@@H]5CCCC[C@H]5[N]3=C6)cc(C(C)(C)C)cc4C(C)(C)C)c6c1)(C)C,Toluene,GMT-oNF-2,Cc1ccccc1,0.00059,867.0,9.472222222222224e-13,1e-09,1300,0.603336073904,10000,0.439111656,0.0004641046722338,2.343063822466804e-06,28240.82635,539429587.523248,0.006542859061385421,5.0,30720.0,6.693344819797287e-05,22571.261519951968,22525.85952966876,22521.514124658155,22517.16871964755,170.433645959927,22333.549017103724
89,Br[Mn]12([NH](CC[P](C(C)C)2C(C)C)CC[P](C(C)C)1C(C)C)(C=O)C=O,Toluene,GMT-oNF-2,Cc1ccccc1,0.00059,867.0,9.472222222222224e-13,1e-09,1300,0.4971019849479999,10000,0.529647796,0.0003823861422676,1.8986410098286453e-06,,228082970.09793934,0.015474245022284411,5.0,30720.0,0.00015830152657796956,,,,,72.06318132018575,
90,N#Cc1c(n2c3ccccc3c4ccccc24)c(C#N)c(n(c5c6cccc5)c7c6cccc7)c(n(c8c9cccc8)c%10c9cccc%10)c1n(c%11c%12cccc%11)c%13c%12cccc%13,Toluene,GMT-oNF-2,Cc1ccccc1,0.00059,867.0,9.472222222222224e-13,1e-09,1300,0.7882688450240001,10000,0.8426054299999999,0.0006063606500184,4.838049187352965e-07,5977001.882,9013731.216612117,0.39155946409864656,3.0,2520.0,0.004069235116423269,580479.3345482933,580478.5758925825,580478.5032819699,580478.4306713574,2.803404395830892,580475.4069313096
91,CC[C@@H]1CN2CCC1CC2[C@H](Oc3c4ccccc4c(O[C@@H](C5CC6CCN5C[C@@H]6CC)c7c8cc(OC)ccc8ncc7)nn3)c9c%10cc(OC)ccc%10ncc9,Toluene,GMT-oNF-2,Cc1ccccc1,0.00059,867.0,9.472222222222224e-13,1e-09,1300,0.778420654208,10000,0.865576514,0.0005987851186215,4.085863470863585e-07,177057.5718,7923558.46535718,0.44543266515126073,3.0,2520.0,0.004629105944886246,13780.835988446244,13780.169088942077,13780.105260276661,13780.041431611246,2.464344464972221,13777.383400161565
92,Ic1c(O[Na])c(I)cc2c1OC3C(C(C(I)=CC3=C2c4c(Cl)c(Cl)c(Cl)c(Cl)c4C(O[Na])=O)=O)I,Toluene,GMT-oNF-2,Cc1ccccc1,0.00059,867.0,9.472222222222224e-13,1e-09,1300,1.0174787145080002,10000,0.939606578,0.0007826759342369,1.757318723895314e-07,143666.8235,4586137.47099574,0.7695826361566911,2.0,600.0,0.008397685725741816,10755.593903710609,10755.2079038068,10755.170959921617,10755.134016036434,1.3584351672130137,10753.663475286598
93,Oc(c1c2c(O)ccc3c2cccc3)ccc4c1cccc4,Toluene,GMT-oNF-2,Cc1ccccc1,0.00059,867.0,9.472222222222224e-13,1e-09,1300,0.286099379688,10000,0.570646078,0.0002200764459138,1.818071653177072e-06,10091.93788,65389871.62377657,0.0539748997369578,4.0,10200.0,0.000554328570286761,2792.5272478401184,2787.023600311784,2786.496848568148,2785.970096824512,20.57933187017417,2763.792345870201
94,C[n+](c(cccc1)c1c2c3c(C)cc(C)cc3C)c4c2cccc4,Toluene,GMT-oNF-2,Cc1ccccc1,0.00059,867.0,9.472222222222224e-13,1e-09,1300,0.31217467612409,10000,0.592094052,0.0002401343662493,1.667783993268817e-06,147668.1318,57638854.398598135,0.0612332046070597,4.0,10200.0,0.0006288722152209276,35398.78848788547,35393.937217640254,35393.472904646485,35393.00859165272,18.13995170551907,35373.45969017301
95,C1OCCOCCOCCOCCOCCOC1,Toluene,GMT-oNF-2,Cc1ccccc1,0.00059,867.0,9.472222222222224e-13,1e-09,1300,0.264157288488,10000,0.215214387,0.0002031979142215,5.771684376377749e-06,27551.47294,7066838766795.891,4.994328979584348e-07,12.0,1061923800.0,5.1080409553628005e-09,3122990.5716673867,2528198.308795399,2471270.996507321,2414343.684219243,2233285.0720536527,8313.664532801906
96,c12c(OCCOCCOc3c(OCCOCCO2)cccc3)cccc1,Toluene,GMT-oNF-2,Cc1ccccc1,0.00059,867.0,9.472222222222224e-13,1e-09,1300,0.360157288488,10000,0.4147448208,0.0002770440680676,2.859829490768936e-06,3336.032,1753147673.518609,0.002013185664857467,6.0,276600.0,2.0585954475417492e-05,1729.8408828246966,1582.2842869702135,1568.1617084890916,1554.0391300079696,554.150239993624,957.0341691061127
97,Oc1ccc(C2(c3ccc(O)cc3O4)c5c(C(O2)=O)cccc5)c4c1,Toluene,GMT-oNF-2,Cc1ccccc1,0.00059,867.0,9.472222222222224e-13,1e-09,1300,0.332068473484,10000,0.616908112,0.0002554372872953,1.514441813081966e-06,56140.84,49664975.329996355,0.07106440184969164,4.0,10200.0,0.0007298397675141978,11488.365897482321,11484.185762058712,11483.785683090777,11483.385604122841,15.630433035876608,11466.541138356675
98,Fc1c(B(c2c(F)c(F)c(F)c(F)c2F)c3c(F)c(F)c(F)c(F)c3F)c(F)c(F)c(F)c1F,Toluene,GMT-oNF-2,Cc1ccccc1,0.00059,867.0,9.472222222222224e-13,1e-09,1300,0.5119853537,10000,0.567695844,0.0003938348874615,1.6790064256483106e-06,124682.1882,66528383.77115357,0.05305121761031297,4.0,10200.0,0.0005448422461776332,34803.30933172538,34797.70985942464,34797.17393633315,34796.63801324166,20.937641478945082,34774.074122381644
99,c12ccccc1c([N]C3[N]C([N]4)c5ccccc53)[nH]c2[N]C([N]6)c7ccccc7C6[N]c8[nH]c4c9c8cccc9,Toluene,GMT-oNF-2,Cc1ccccc1,0.00059,867.0,9.472222222222224e-13,1e-09,1300,0.5181967427040002,10000,0.7101086139999999,0.000398612879003,1.0032604593415044e-06,22458.15765,17971055.134660807,0.19639424275643666,3.0,2520.0,0.0020410037875792735,5751.222280181986,5749.709716374819,5749.56494954179,5749.420182708761,5.58926528332439,5743.391624966589
100,N=C(N(C)C)N(C)C,Toluene,GMT-oNF-2,Cc1ccccc1,0.00059,867.0,9.472222222222224e-13,1e-09,1300,0.1151109474159999,10000,0.407532676,8.85468826276923e-05,3.59920091166032e-06,37.93574266,2758129033.231228,0.0012796398290949697,7.0,245880.0,1.3084326620283981e-05,1235.1366423926936,1002.9941154290653,980.7758537724804,958.5575921158955,871.8608105797064,19.27584961275918
101,OC[C@H]1N(C(OC(C)(C)C)=O)CCC1,Toluene,GMT-oNF-2,Cc1ccccc1,0.00059,867.0,9.472222222222224e-13,1e-09,1300,0.201136493468,10000,0.18037976,0.0001547203795907,7.269181632086807e-06,3054.416471,174974956316273.94,2.017095382682271e-08,14.0,27874253520.0,2.0631132876318067e-10,77117809.99087967,62390751.167593285,60981230.68615664,59571710.20471998,55293675.2501121,869.3557656302498
102,CCCC[N+](CCCC)(CCCC)CCCC,Toluene,GMT-oNF-2,Cc1ccccc1,0.00059,867.0,9.472222222222224e-13,1e-09,1300,0.24228422657209,10000,0.6691643439999999,0.0001863724819785,1.2773437948722617e-06,455.4114824,35922888.25599343,0.09824966577171114,4.0,10200.0,0.001009035626259682,81.09587343091727,78.07236366937116,77.78298484730898,77.49360602524682,11.305558808995483,65.30993216999371
103,S=c1c(NC[C@H]2NCCC2)c(NCc3ccccc3)c1=S,Toluene,GMT-oNF-2,Cc1ccccc1,0.00059,867.0,9.472222222222224e-13,1e-09,1300,0.317102039608,10000,0.65245754,0.0002439246458523,1.3321881086524955e-06,,39903872.9596933,0.08844784986838053,4.0,10200.0,0.0009083698237776646,,,,,12.558444054877157,
104,O=c(c(NCc1ccccc1)c2NC[C@H]3N(CCC3)C(OC(C)(C)C)=O)c2=O,Toluene,GMT-oNF-2,Cc1ccccc1,0.00059,867.0,9.472222222222224e-13,1e-09,1300,0.3852001563439999,10000,0.6509689580000001,0.0002963078125723,1.3116076644241182e-06,,40277675.1646755,0.0876269980895338,4.0,10200.0,0.000899939579438111,,,,,12.676086121440482,
105,O=c(c(N[C@@H](c(ccn1)c2c1ccc(OC)c2)[C@H]3N4CCC(C3)C(C#C)C4)c5Nc6cc(C(F)(F)F)cc(C(F)(F)F)c6)c5=O,Toluene,GMT-oNF-2,Cc1ccccc1,0.00059,867.0,9.472222222222224e-13,1e-09,1300,0.628190910012,10000,0.853340674,0.0004832237769323,4.538328621634465e-07,,8489317.952683557,0.41574738799719485,3.0,2520.0,0.004320605236024181,,,,,2.6403040754419376,
106,N[C@H]([C@@H]1[N@@](CC[C@H]2C1)C[C@@H]2C=C)c3ccnc4ccc(OC)cc34,Toluene,GMT-oNF-2,Cc1ccccc1,0.00059,867.0,9.472222222222224e-13,1e-09,1300,0.32319976242,10000,0.5793374299999999,0.0002486152018615,1.735736494373435e-06,,62148548.96506199,0.0567899303118084,4.0,10200.0,0.0005832392654705444,,,,,19.55923115678252,
107,NC1CCCCC1,Toluene,GMT-oNF-2,Cc1ccccc1,0.00059,867.0,9.472222222222224e-13,1e-09,1300,0.0991047994159999,10000,0.0548944714,7.623446108923076e-05,1.94288727183831e-05,,inf,0.0,inf,inf,0.0,inf,inf,inf,inf,inf,inf
108,c1cccnc1,Toluene,GMT-oNF-2,Cc1ccccc1,0.00059,867.0,9.472222222222224e-13,1e-09,1300,0.0790421991599999,10000,0.0986970506,6.080169166153846e-05,1.5744829100990696e-05,77.32790224,inf,0.0,inf,inf,0.0,inf,inf,inf,inf,inf,inf
109,CN(C)CCN(C)C,Toluene,GMT-oNF-2,Cc1ccccc1,0.00059,867.0,9.472222222222224e-13,1e-09,1300,0.116131348512,10000,0.1911447928,8.93318065476923e-05,8.386482496247365e-06,91.19605313,39540981064214.91,8.925959016985658e-08,13.0,4552855680.0,9.129473166687088e-10,17427151.299038127,14099118.726133376,13780594.156449422,13462069.586765468,12495476.359661687,35.91220075076633
110,CCN(CC)CC,Toluene,GMT-oNF-2,Cc1ccccc1,0.00059,867.0,9.472222222222224e-13,1e-09,1300,0.1011204494799999,10000,0.2168977319999999,7.778496113846153e-05,7.74592007756271e-06,45.42153622,9902763050065.88,3.56406767168119e-07,12.0,1327407720.0,3.6452069888640144e-09,4364619.948319765,3531137.391605886,3451365.1337025776,3371592.8757992694,3129509.969639749,15.364935687875342
111,CN(c1ccncc1)C,Toluene,GMT-oNF-2,Cc1ccccc1,0.00059,867.0,9.472222222222224e-13,1e-09,1300,0.12208439832,10000,0.1018406154,9.391107563076924e-05,1.2865529011427493e-05,704.2741176,inf,0.0,inf,inf,0.0,inf,inf,inf,inf,inf,inf
112,Oc1c(Cc2cccc(C3)c2O)cccc1Cc4c(O)c(Cc5cccc3c5O)ccc4,Toluene,GMT-oNF-2,Cc1ccccc1,0.00059,867.0,9.472222222222224e-13,1e-09,1300,0.4241674592479999,10000,0.633761628,0.0003262826609599,1.3815702324453696e-06,111366.2,44809124.55830065,0.07876547019154109,4.0,10200.0,0.000808930645393032,20371.72235514559,20367.950920495266,20367.589958102988,20367.228995710713,14.102212195840105,20352.031449359005
113,[H][C@@]1(O[C@](O2)([H])[C@H](OC(C3=CC=CC=C3)=O)C(OC(C4=CC=CC=C4)=O)[C@@](O[C@@]5([H])O[C@H](COC(C6=CC=CC=C6)=O)[C@@]([C@H](OC(C7=CC=CC=C7)=O)[C@H]5OC(C8=CC=CC=C8)=O)([H])O[C@@]9([H])O[C@@H]([C@](O[C@]%10([H])[C@H](OC(C%11=CC=CC=C%11)=O)[C@@H](OC(C%12=CC=CC=C%12)=O)[C@@](O%13)([H])[C@@H](COC(C%14=CC=CC=C%14)=O)O%10)([H])[C@H](OC(C%15=CC=CC=C%15)=O)[C@H]9OC(C%16=CC=CC=C%16)=O)COC(C%17=CC=CC=C%17)=O)([H])[C@H]2COC(C%18=CC=CC=C%18)=O)[C@@H](COC(C%19=CC=CC=C%19)=O)O[C@](O[C@]%20([H])[C@@H](COC(C%21=CC=CC=C%21)=O)O[C@@](O[C@]%22([H])[C@@H](COC(C%23=CC=CC=C%23)=O)O[C@@]%13([H])[C@H](OC(C%24=CC=CC=C%24)=O)[C@H]%22OC(C%25=CC=CC=C%25)=O)([H])[C@@H]([C@H]%20OC(C%26=CC=CC=C%26)=O)OC(C%27=CC=CC=C%27)=O)([C@@H]([C@H]1OC(C%28=CC=CC=C%28)=O)OC(C%29=CC=CC=C%29)=O)[H],Toluene,GMT-oNF-2,Cc1ccccc1,0.00059,867.0,9.472222222222224e-13,1e-09,1300,3.318920273648001,10000,0.903643652,0.0025530155951138,2.750167774467237e-07,,5314709.360099404,0.6640836827697892,2.0,600.0,0.0072464811463839405,,,,,1.5742415363549207,
114,[H][C@]1(C[C@@H]2CC[N@]1C[C@@H]2C=C)[C@H](O)c(ccn3)c4c3ccc(OC)c4,Toluene,GMT-oNF-2,Cc1ccccc1,0.00059,867.0,9.472222222222224e-13,1e-09,1300,0.3241837780079999,10000,0.5992618399999999,0.0002493721369292,1.6182390754785742e-06,2267.123294,55230290.657724306,0.06390355224777858,4.0,10200.0,0.0006562969996496564,543.1788523893996,538.5303029257078,538.085392250965,537.6404815762222,17.38193473250689,518.9084730720821
115,c12cccnc1c3ccccc3cc2,Toluene,GMT-oNF-2,Cc1ccccc1,0.00059,867.0,9.472222222222224e-13,1e-09,1300,0.1790734992879999,10000,0.296172738,0.0001377488456061,4.946932609901795e-06,4680.804706,49856245694.95115,7.079176772155749e-05,9.0,7375320.0,7.239523391443647e-07,23410.537333437936,19214.30332077955,18812.68356379244,18411.063806805334,15757.545070623206,1434.8105080833238
116,[H][C@@]1([C@@H](c(ccn2)c3c2ccc(O)c3)OC(c4ccccc4)=O)C[C@@H]5CC[N@]1C[C@@H]5C=C,Toluene,GMT-oNF-2,Cc1ccccc1,0.00059,867.0,9.472222222222224e-13,1e-09,1300,0.414194342692,10000,0.747146948,0.00031861103284,8.676961732379199e-07,,14951148.411641521,0.23606292088959208,3.0,2520.0,0.0024532558026164088,,,,,4.650029402104764,
117,OCC[P+](CCCC)(CCCC)CCCC,Toluene,GMT-oNF-2,Cc1ccccc1,0.00059,867.0,9.472222222222224e-13,1e-09,1300,0.2472185286940899,10000,0.658713762,0.0001901680989954,1.3305111322518508e-06,,38369752.259430535,0.09198422082171308,4.0,10200.0,0.0009446887695120314,,,,,12.07562954193152,
118,CCCCCCCC[P+](CCO)(CCCCCCCC)CCCCCCCC,Toluene,GMT-oNF-2,Cc1ccccc1,0.00059,867.0,9.472222222222224e-13,1e-09,1300,0.4154063294620899,10000,0.81039102,0.0003195433303554,6.184435192832831e-07,,10748154.221655857,0.3283737553369552,3.0,2520.0,0.0034125851602255773,,,,,3.3428357322799687,
119,CCCC[P+](CCCC)(CCCC)CCCC,Toluene,GMT-oNF-2,Cc1ccccc1,0.00059,867.0,9.472222222222224e-13,1e-09,1300,0.25925491420209,10000,0.679098984,0.0001994268570785,1.2192016991704368e-06,,33724494.67312969,0.10465425201813251,4.0,10200.0,0.0010748114804911644,,,,,10.613686046447288,
120,[H][C@@]1([C@@H](c(ccn2)c3c2ccc(OC)c3)N)C[C@@H]4CC[N@]1C[C@@H]4CC,Toluene,GMT-oNF-2,Cc1ccccc1,0.00059,867.0,9.472222222222224e-13,1e-09,1300,0.325215412484,10000,0.6686127479999999,0.0002501657019107,1.246915593465374e-06,,36049633.57268974,0.09790423410516086,4.0,10200.0,0.001005488002405191,,,,,11.345447768409423,
121,[H][C@@]1([C@@H](c(ccn2)c3c2ccc(O)c3)O)C[C@@H]4CC[N@]1C[C@@H]4C=C,Toluene,GMT-oNF-2,Cc1ccccc1,0.00059,867.0,9.472222222222224e-13,1e-09,1300,0.310168127944,10000,0.648505254,0.0002385908676492,1.3558176414330428e-06,,40899531.98472268,0.08629467364135693,4.0,10200.0,0.0008862564506112817,,,,,12.871795297153696,
122,[H][C@@]1([C@@H](c(ccn2)c3c2ccc(OC)c3)O)C[C@@H]4CC[N@+]1(C[C@@H]4C=C)Cc5cc(C[N@+]6(CC[C@H]7C[C@@]6([H])[C@@H](c(ccn8)c9c8ccc(OC)c9)O)C[C@@H]7C=C)cc(C[N@+]%10(CC[C@H]%11C[C@@]%10([H])[C@@H](c(ccn%12)c%13c%12ccc(OC)c%13)O)C[C@@H]%11C=C)c5,Toluene,GMT-oNF-2,Cc1ccccc1,0.00059,867.0,9.472222222222224e-13,1e-09,1300,1.08962011357227,10000,0.9336203399999998,0.0008381693181325,1.932788391210345e-07,,4702045.431986149,0.7506120082755251,2.0,600.0,0.00819067823430253,,,,,1.3927676422783852,
123,[H][C@@]1([C@@H](c(ccn2)c3c2ccc(OC)c3)OCc4cc(CO[C@@H]([C@]5([H])C[C@@H]6CC[N@]5C[C@@H]6C=C)c(ccn7)c8c7ccc(OC)c8)cc(CO[C@@H]([C@]9([H])C[C@@H]%10CC[N@]9C[C@@H]%10C=C)c(ccn%11)c%12c%11ccc(OC)c%12)c4)C[C@@H]%13CC[N@]1C[C@@H]%13C=C,Toluene,GMT-oNF-2,Cc1ccccc1,0.00059,867.0,9.472222222222224e-13,1e-09,1300,1.086598284216,10000,0.881377072,0.0008358448340123,3.5227493127497417e-07,,7240084.819167579,0.4874821017789779,3.0,2520.0,0.0050660997091544835,,,,,2.251774001296617,
124,[H][C@@]1([C@@H](c(ccn2)c3c2ccc(O)c3)OCc4cc(CO[C@@H]([C@]5([H])C[C@@H]6CC[N@]5C[C@@H]6C=C)c(ccn7)c8c7ccc(O)c8)cc(CO[C@@H]([C@]9([H])C[C@@H]%10CC[N@]9C[C@@H]%10C=C)c(ccn%11)c%12c%11ccc(O)c%12)c4)C[C@@H]%13CC[N@]1C[C@@H]%13C=C,Toluene,GMT-oNF-2,Cc1ccccc1,0.00059,867.0,9.472222222222224e-13,1e-09,1300,1.044551334024,10000,0.868036708,0.0008035010261723,3.946819118858663e-07,,7814184.424060322,0.45166732357104616,3.0,2520.0,0.004693898890292625,,,,,2.4303275123037955,
125,Cc1nc(NS(CC2(CCC3CC2=O)C3(C)C)(=O)=O)ccc1,Toluene,GMT-oNF-2,Cc1ccccc1,0.00059,867.0,9.472222222222224e-13,1e-09,1300,0.322135113564,10000,0.6109892319999999,0.000247796241203,1.5529593229714966e-06,,51475204.42734073,0.0685652792246369,4.0,10200.0,0.0007041734841404593,,,,,16.200143671946275,
126,O=C1CC2CCC1(CS(Nc3cccc(NS(CC4(CCC5CC4=O)C5(C)C)(=O)=O)n3)(=O)=O)C2(C)C,Toluene,GMT-oNF-2,Cc1ccccc1,0.00059,867.0,9.472222222222224e-13,1e-09,1300,0.5371967278399998,10000,0.7383656399999999,0.0004132282521846,8.836530265885469e-07,,15627765.654001007,0.22584237842101795,3.0,2520.0,0.0023470400317429983,,,,,4.8604674222700135,
127,[H][C@@]1([C@@H](c(ccn2)c3c2ccc(OC)c3)OC(C(C)(C)C)=O)C[C@@H]4CC[N@]1C[C@@H]4C=C,Toluene,GMT-oNF-2,Cc1ccccc1,0.00059,867.0,9.472222222222224e-13,1e-09,1300,0.408241292884,10000,0.7111600919999999,0.0003140317637569,1.022758165032791e-06,,17878519.65118203,0.19741073833663497,3.0,2520.0,0.0020515675968851062,,,,,5.560485372439468,
128,[H][C@@]1([C@@H](c(ccn2)c3c2ccc(OC)c3)OC(CCCCCCCCCCC)=O)C[C@@H]4CC[N@]1C[C@@H]4C=C,Toluene,GMT-oNF-2,Cc1ccccc1,0.00059,867.0,9.472222222222224e-13,1e-09,1300,0.506350843332,10000,0.8121163819999999,0.0003895006487169,6.048080175797178e-07,,10648984.85577533,0.3314317573465,3.0,2520.0,0.003444365082061913,,,,,3.311992585356655,
129,[H][C@@]1([C@@H](c(ccn2)c3c2ccc(OC)c3)OC(C45CC6CC(CC(C5)C6)C4)=O)C[C@@H]7CC[N@]1C[C@@H]7C=C,Toluene,GMT-oNF-2,Cc1ccccc1,0.00059,867.0,9.472222222222224e-13,1e-09,1300,0.486288243076,10000,0.784145332,0.0003740678792892,7.109510276557802e-07,,12356876.029847944,0.2856233044808909,3.0,2520.0,0.0029683061890433166,,,,,3.8431721279829025,
130,CC1(CCCC(N1[O])(C)C)C,Toluene,GMT-oNF-2,Cc1ccccc1,0.00059,867.0,9.472222222222224e-13,1e-09,1300,0.156138839196,10000,0.292976534,0.0001201067993815,5.169182860480107e-06,6305.147059,84517416934.56665,4.175957918163012e-05,9.0,8850360.0,4.2705568719143626e-07,39984.07475949054,32870.52550083118,32189.690753302726,31508.856005774272,26712.468549650028,2730.4061532792834
131,CC1(CC(CC(C)(N1[O])C)OCc2cc(COC(CC3(C)C)CC(C)(N3[O])C)cc(COC(CC4(C)C)CC(C)(N4[O])C)c2)C,Toluene,GMT-oNF-2,Cc1ccccc1,0.00059,867.0,9.472222222222224e-13,1e-09,1300,0.63044821164,10000,0.826757872,0.0004849601628,5.447565177971821e-07,,9835616.315943433,0.3588399192620743,3.0,2520.0,0.0037292011418931007,,,,,3.0590228788944818,
132,N#Cc1c(n2c3ccccc3c4ccccc24)c(C#N)c(n5c6ccccc6c7ccccc57)c(Cl)c1n8c9ccccc9c%10ccccc8%10,Toluene,GMT-oNF-2,Cc1ccccc1,0.00059,867.0,9.472222222222224e-13,1e-09,1300,0.6571720234480001,10000,0.844404284,0.0005055169411138,4.82890045946126e-07,944638.8235,8923750.89957104,0.3955076519309318,3.0,2520.0,0.004110266188447932,90240.28107237194,90239.52999000456,90239.45810423342,90239.38621846228,2.775419179690175,90236.3926631495
133,CC(c1ccc(c2cc3c(CCCC3)c(c4c(O5)c(c6ccc(C(C)(C)C)cc6)cc7c4CCCC7)c2OP5(O)=O)cc1)(C)C,Toluene,GMT-oNF-2,Cc1ccccc1,0.00059,867.0,9.472222222222224e-13,1e-09,1300,0.62030554655,10000,0.836249692,0.0004771581127307,5.12407893501349e-07,,9335957.89842482,0.37804495297706636,3.0,2520.0,0.0039287871684626175,,,,,2.9036216837152824,
134,Oc(c(c1ccccc1)c2)c(c3c(O)c(c4ccccc4)cc5c3cccc5)c6c2cccc6,Toluene,GMT-oNF-2,Cc1ccccc1,0.00059,867.0,9.472222222222224e-13,1e-09,1300,0.4381619799439999,10000,0.730962998,0.0003370476768799,9.310649037042554e-07,,16216031.29325096,0.2176495408081019,3.0,2520.0,0.0022618969421885795,,,,,5.043426780537792,
135,O=P1(O)Oc(c(c2c(C(C)C)cc(C(C)C)cc2C(C)C)c3)c(c4c(O1)c(c5c(C(C)C)cc(C(C)C)cc5C(C)C)cc6c4cccc6)c7c3cccc7,Toluene,GMT-oNF-2,Cc1ccccc1,0.00059,867.0,9.472222222222224e-13,1e-09,1300,0.7523994469340001,10000,0.853157186,0.0005787688053338,4.500709327886646e-07,2763806.118,8498342.625505544,0.4153058920116118,3.0,2520.0,0.004316017041553056,243195.1048357174,243194.38955854642,243194.32109967526,243194.2526408041,2.6431108828396845,243191.4017926571
136,FC(F)(c1cc(C(F)(F)F)cc(c(c2)c(O)c(c(c(O)c(c3cc(C(F)(F)F)cc(C(F)(F)F)c3)c4)c5c4cccc5)c6c2cccc6)c1)F,Toluene,GMT-oNF-2,Cc1ccccc1,0.00059,867.0,9.472222222222224e-13,1e-09,1300,0.7101115184560001,10000,0.83619898,0.0005462396295815,5.084527663948507e-07,584540.7565,9338819.135001576,0.37792912719315525,3.0,2520.0,0.003927583462792105,60138.65410717798,60137.86808990078,60137.792860524416,60137.71763114805,2.9045115708224114,60134.584837331706
137,Oc(c([Si](c1ccccc1)(c2ccccc2)c3ccccc3)c4)c(c5c(O)c([Si](c6ccccc6)(c7ccccc7)c8ccccc8)cc9c5cccc9)c%10c4cccc%10,Toluene,GMT-oNF-2,Cc1ccccc1,0.00059,867.0,9.472222222222224e-13,1e-09,1300,0.802272333644,10000,0.788679806,0.0006171325643415,6.672937763287817e-07,1149236.1,12067110.25747931,0.2924819355585418,3.0,2520.0,0.0030395836960141038,173756.43769141406,173755.42204296737,173755.3248356903,173755.22762841324,3.753050665461094,173751.17960394148
138,O=c(c(OC)c1Nc2cc(C(F)(F)F)cc(C(F)(F)F)c2)c1=O,Toluene,GMT-oNF-2,Cc1ccccc1,0.00059,867.0,9.472222222222224e-13,1e-09,1300,0.339033012404,10000,0.5560103999999999,0.0002607946249261,1.8657248286964767e-06,,71175243.2773332,0.04958763190950519,4.0,10200.0,0.0005092708135496666,,,,,22.40008912652499,
139,CCC1C2C[C@@H]([C@@H](NC(NCc3ccccc3)=S)c(ccn4)c5c4ccc(OC)c5)N(CC2)C1,Toluene,GMT-oNF-2,Cc1ccccc1,0.00059,867.0,9.472222222222224e-13,1e-09,1300,0.4742453327079999,10000,0.753982758,0.000364804102083,8.304520527964667e-07,,14441599.338834405,0.24439202901960194,3.0,2520.0,0.0025398150672970446,,,,,4.49155206610806,
140,O=c(c(N[C@@H]([C@@H]1[N@@](CC[C@H]2C1)C[C@@H]2C=C)c3ccnc4ccc(OC)cc34)c5N6CCOCCOCCOCCOCC6)c5=O,Toluene,GMT-oNF-2,Cc1ccccc1,0.00059,867.0,9.472222222222224e-13,1e-09,1300,0.6203209997479999,10000,0.7550952499999999,0.0004771699998061,8.068145536902073e-07,,14360686.522853356,0.24576901383434807,3.0,2520.0,0.0025541252180575303,,,,,4.466386977583754,
