solute_smiles,NPR1,NPR2,RoG,Asphericity,Eccentricity,InertialShapeFactor,SpherocityIndex
c1(P(c2ccccc2)c3ccccc3)ccccc1,0.5851353028319993,0.585138617885262,3.1807270601444153,0.14616398599149988,0.8109356801742691,0.0004089301807828005,0.2869010346812175
c1(P(CCCCP(c2ccccc2)c3ccccc3)c4ccccc4)ccccc1,0.2838898538684383,0.7889527179642535,4.726894603405572,0.3781728626458334,0.9588568980147958,0.00030226434577842776,0.16879661543226035
CC(c1c(OC)c(C(C)(C)C)cc([P]2(c3ccc(OCO4)c4c3c5c6c(OCO6)ccc5[P](c7cc(C(C)(C)C)c(OC)c(C(C)(C)C)c7)(c8cc(C(C)(C)C)c(OC)c(C(C)(C)C)c8)[Ir+]2)c9cc(C(C)(C)C)c(OC)c(C(C)(C)C)c9)c1)(C)C,0.7462811114851616,0.9391884687332716,5.232394437778591,0.029198075627684505,0.6656309057131224,4.499434930707436e-05,0.7064949931133866
CC(c1cc(C=[N]2[C@H]3CCCC[C@@H]3[N]4=Cc5cc(C(C)(C)C)cc(C(C)(C)C)c5O[Mn]42(Cl)O6)c6c(C(C)(C)C)c1)(C)C,0.3443105931750679,0.7637577817141774,4.810836472403255,0.29778669401358054,0.9388558011896357,0.00015903694563850835,0.15855233367855526
CC(c1c2c([P]3(c4ccccc4)c5ccccc5)ccc1)(c6c(O2)c([P]([Rh+]73O[C-](C=C(C)O7)C)(c8ccccc8)c9ccccc9)ccc6)C,0.612060249689198,0.9023953709971736,4.208165148886907,0.07728553447264927,0.7908111346904497,0.00013408383324259524,0.6868663710937826
CC([O+]1[Ru]([C-]2N(CCN2c3c(C)cc(C)cc3C)c4c(C)cc(C)cc4C)(Cl)(Cl)=Cc5cc(c6cc(C)c(O[Si](C(C)(C)C)(C)C)c(C)c6)ccc51)C,0.17681486555740114,0.900430573596151,6.493771120571622,0.5613821333104626,0.9842441279062417,0.0001456691058872563,0.12041810631737515
CC(C[Si]1(O[Si](CC(C)C)(O2)O[Si](CCCNC(OCCc3ccc(OC(C)C)c(C=[Ru](Cl)(Cl)=C4N(c5c(C)cc(C)cc5C)CCN4c6c(C)cc(C)cc6C)c3)=O)(O7)O8)O[Si]9(CC(C)C)O[Si]2(CC(C)C)O[Si]7(CC(C)C)O[Si](O9)(CC(C)C)O[Si]8(CC(C)C)O1)C,0.1911527127805715,0.9820344789214441,8.366226563432079,0.542079371459705,0.9815603090980343,5.075776849579317e-05,0.2826987757775927
CC(C)Oc1ccccc1C=[Ru](Cl)(Cl)=C2N(CCN2c3c(C)cc(C)cc3C)c4c(C)cc(C)cc4C,0.529298830927065,0.7993523845806847,3.7116981233756197,0.12346363752645605,0.8484354704862607,0.00020368194783694057,0.28036580526078825
CC(C)c1cc(CN(C2CCCCC2)C3CCCCC3)cc(C(C)C)c1N(/C4=[Pd](Cl)\C/C=C\c5ccccc5)CCN4c6c(C(C)C)cc(CN(C7CCCCC7)C8CCCCC8)cc6C(C)C,0.19005986479438708,0.960774547322891,6.5405731589346985,0.5410803252357846,0.9817725030750959,0.00012262517076907557,0.266853327942965
CC(O[Co+3]12(OC(C)=C[C-](O1)C)(OC(C)=C[C-](O2)C)O3)=C[C-]3C,0.6818648591449568,0.7628637293891763,2.813320016038771,0.054881273636510686,0.7314781704625425,0.00048500250017050126,0.544685194622296
O=C([O-][Pd]([P](c1ccccc1)(c2ccccc2)c3ccccc3)[P](c4ccccc4)(c5ccccc5)c6ccccc6)C,0.6167622964704986,0.9238562404733133,3.8786886976613815,0.07652534490460311,0.7871494582685278,0.0001832934289863521,0.6767143997935863
c1([P](c2ccccc2)([Pd][P](c3ccccc3)(c4ccccc4)c5ccccc5)c6ccccc6)ccccc1,0.7367371909538123,0.9801880506963571,3.686543185950432,0.034942748181501455,0.6761792007045809,0.00021075298719630225,0.8231417006399586
CC(O[Pd]([P](c1ccc(c2c(C(C)C)cc(C(C)C)cc2C(C)C)cc1)(C3CCCCC3)C4CCCCC4)(OC(C)=O)[P](c5ccc(c6c(C(C)C)cc(C(C)C)cc6C(C)C)cc5)(C7CCCCC7)C8CCCCC8)=O,0.41178938548208627,0.8297399017894552,6.177291241181712,0.2187950817563603,0.9112790472760173,5.024031332660284e-05,0.37785351576683784
CC(O[Pd]1([P](c2ccccc2)(c3ccccc3)c4cc5ccccc5cc4c6cc7ccccc7cc6[P]1(c8ccccc8)c9ccccc9)OC(C)=O)=O,0.8677116978812728,0.9254353077230669,4.15288265478821,0.006765757250844677,0.4970678116313697,0.00010194154103270226,0.8439312674871056
CC(O[Pd]OC(C)=O)=O,0.2117874900062987,0.8557569117835087,3.285799859233836,0.49443085747506826,0.9773157417522915,0.0017233001555147837,0.4151683221756297
CC(O[Rh+]([C]=O)([C]=O)O1)=C[C-]1C,0.419968343525646,0.9504685256117683,2.5635950429803196,0.22079506661211,0.9075387542338482,0.00158176557051809,0.6242289215984376
CC1=C[C-](C)O[Rh+]([P](c2ccccc2)(c3ccccc3)c4ccccc4)([P](c5ccccc5)(c6ccccc6)c7ccccc7)O1,0.7367405977938514,0.8442470544320875,4.049629962526027,0.031561112165661175,0.6761754887322953,0.00012410389300945087,0.7452466185102439
CC(C)Oc1c(C=[Ru]([P](C2CCCCC2)(C3CCCCC3)C4CCCCC4)(Cl)Cl)cccc1,0.45194860931855346,0.8947017295048612,3.9325441469327465,0.18431079547660154,0.8920439756732992,0.00025007068030641095,0.34797308536701654
Cc1cc(C)c(N2CCN(C2=[Ru](Cl)(Cl)([P](C3CCCCC3)(C4CCCCC4)C5CCCCC5)=C6C=C(C7=CC=CC=C76)c8ccccc8)c9c(C)cc(C)cc9C)c(C)c1,0.7004083617500637,0.7579436250786613,4.337956714222439,0.05018842826707203,0.7137423392167456,7.447537084333704e-05,0.5849441973169202
Cc1c([P]([Pd](OC(C)=O)([P](c2c(C)cccc2)(c3c(C)cccc3)c4c(C)cccc4)OC(C)=O)(c5c(C)cccc5)c6c(C)cccc6)cccc1,0.6163617651378194,0.7774759345799505,4.285478899080355,0.07770862095110725,0.7874631257882438,9.865971172783656e-05,0.5893635898841504
Cl[Pd]([P](c1ccccc1)(c2ccccc2)c3ccccc3)(Cl)[P](c4ccccc4)(c5ccccc5)c6ccccc6,0.7943360877794705,0.955386116742363,3.8341889311277897,0.01857569458572461,0.6074785425438542,0.00016025257234916394,0.8092086016703665
Cl[Ru](=Cc1ccccc1OC(C)C(C)=O)(Cl)=C2N(CCN2c3c(C)cc(C)cc3C)c4c(C)cc(C)cc4C,0.5206061991015313,0.9119998448070271,3.7402077038624304,0.13206477882022485,0.853796922843516,0.00023266474579755958,0.5389558882853815
Cl[Ru]1([P](c2ccccc2)(c(c3c4c([P]1(c5ccccc5)c6ccccc6)ccc7ccccc47)ccc8c3cccc8)c9ccccc9)Cl,0.7881735315011704,0.8400242111992391,4.10410328894037,0.021180458986145238,0.6154530723304366,0.00010463522103481192,0.8104036629575864
COc1cc(c2cc(OC)cc(C(C)(C)C)c2O[P]34Oc5c(c6c(O3)cccc6)cccc5)c(O[P]7(Oc8c(c9c(O7)cccc9)cccc8)[Rh+]4%10O[C-](C=C(C)O%10)C)c(C(C)(C)C)c1,0.9400753969709746,0.9588724243958436,4.487731294305979,0.001341226047105632,0.3409666376786216,7.42404656220915e-05,0.9462109511862138
COc1c(c2c(OC)cccc2[P](c3cc(C(C)(C)C)c(OC)c(C(C)(C)C)c3)([Ir+][P]4(c5cc(C(C)(C)C)c(OC)c(C(C)(C)C)c5)c6cc(C(C)(C)C)c(OC)c(C(C)(C)C)c6)c7cc(C(C)(C)C)c(OC)c(C(C)(C)C)c7)c4ccc1,0.7260039430848804,0.9696757944012181,5.308935065116241,0.037257508384114214,0.6876905369606345,4.753076390359662e-05,0.7362425203828677
COc1cc(C(C)(C)C)c(OP2Oc3ccccc3c4ccccc4O2)c(c5cc(OC)cc(C(C)(C)C)c5OP6Oc7ccccc7c8ccccc8O6)c1,0.8162762636389689,0.9382476463063311,4.62668409216565,0.013824174040899495,0.5776617188455581,9.39926566967146e-05,0.8551386529278708
O=C(O[Pd]1([P](CCCC[P]1(c2ccccc2)c3ccccc3)(c4ccccc4)c5ccccc5)OC(C(F)(F)F)=O)C(F)(F)F,0.8094228583896924,0.944054240343452,3.786445610996224,0.015188063083691678,0.5872262224358344,0.00014757368891743614,0.7495827211906622
O=C(C)O[Pd]1([P](c2ccccc2)(c3ccccc3)CCC[P](c4ccccc4)1c5ccccc5)OC(C)=O,0.552333672626913,0.9401369961157776,3.8524337498833248,0.11408781314701107,0.8336231247287145,0.000224391542266046,0.5538323288862592
O=C(O[Pd]([P]1(c2ccccc2)c3ccccc3)(OC(C)=O)[P](c4ccccc4)(C5=C1C=CC=C5)c6ccccc6)C,0.6575416740239917,0.7978420172082624,3.7881929866278212,0.058992344795755026,0.7534181753327476,0.0001547071979137466,0.5798908910722623
O=C(/C=C/c1cc(c2cc(/C=C/C(OC)=O)cc(C(C)(C)C)c2OP3Oc4c(c5c(O3)cccc5)cccc4)c(OP6Oc7c(c8c(O6)cccc8)cccc7)c(C(C)(C)C)c1)OC,0.5260931011381791,0.9550981733132666,5.489302724502846,0.1334075981925664,0.850426980366224,8.352369466531345e-05,0.612049222344855
O=C[Rh]([P](c1ccccc1)(c2ccccc2)c3ccccc3)([H])([P](c4ccccc4)(c5ccccc5)c6ccccc6)[P](c7ccccc7)(c8ccccc8)c9ccccc9,0.6967003849960643,0.8372359623058608,4.458254803859331,0.04305766184671836,0.7173622331474774,8.327997279581512e-05,0.6496553232441955
CC1(C)c2cccc(P(c3ccccc3)c4ccccc4)c2Oc5c(P(c6ccccc6)c7ccccc7)cccc15,0.5358298555382485,0.8551477513233332,4.415966589243254,0.11838845491071058,0.8443259832042715,0.0001690852630353729,0.5427221804976154
C1(C2=CC=CC=C23)=[N]([Ir]345([N]6=C(C7=CC=CC=C75)C=CC=C6)[N]8=C(C9=CC=CC=C94)C=CC=C8)C=CC=C1,0.671298612604861,0.8257597047481913,3.34218054786447,0.05204641486332565,0.7411870025268852,0.00020997751124143037,0.6676646303613176
CC(C)(C)C1=CC(C2=[N]3C=CC(C(C)(C)C)=C2)=[N]([Ir+]453([N]6=C(C7=C5C=CC=C7)C=CC=C6)C8=CC=CC=C8C9=CC=CC=[N]94)C=C1,0.5856090179293992,0.7793987673857772,4.467985064068831,0.09223214107810881,0.8105936578334205,0.00010251843053803034,0.43144244393407644
CC(C)(C)C1=CC=[N]([Ir+]23([N]4=C(C5=C3C=C(F)C=C5F)C=CC(C(F)(F)F)=C4)6C(C=C(C(F)(F)F)C=C7)=C7C8=C(F)C=C(F)C=[N]82)C(C9=[N]6C=CC(C(C)(C)C)=C9)=C1,0.7950524704829083,0.907001656934443,4.477423318689358,0.017308304841721352,0.6065406574822699,7.8694374236935e-05,0.6823252559259774
FC(C(C=C1)=C[N]2=C1C3=CC=CC=[N]3[Ir+]245([N]6=CC=CC=C6C7=C5C=C(C(F)(F)F)C=C7)[N]8=C(C9=C4C=C(C(F)(F)F)C=C9)C=CC=C8)(F)F,0.6472987478598032,0.8531751999962041,4.148930000333459,0.06024621376819811,0.7622364010063616,0.0001112144994432387,0.8436652540949799
Fc1cc2c(c3c([Ir+]245(n6cccc(F)c6c7cc(C(C)(C)C)ccn75)n8c(c9c(F)cccn94)cc(C(C)(C)C)cc8)cc(F)cc3F)c(F)c1,0.5658095222272366,0.7553096018932288,4.466958490924256,0.1055406338049872,0.8245359813598108,8.853724375654569e-05,0.4323121722518597
FC1=CC=C(C2=[N]([Ir+]345([N]6=CC=C(C(C)(C)C)C=C6C7=[N]5C=CC(C(C)(C)C)=C7)C8=C(C9=[N]4C=CC=C9)C=CC(F)=C8)C=CC=C2)C3=C1,0.7506517229152231,0.889845735499991,4.012090232779656,0.026873336374338305,0.6606981087337902,0.00012078216898950605,0.5618354477931615
CC(C1=CC=C(C2=[N]([Ir+]345([N]6=CC=CC=C6C7=[N]5C=CC=C7)C8=C(C9=[N]4C=CC=C9)C=CC(C(C)(C)C)=C8)C=CC=C2)C3=C1)(C)C,0.6427960860192324,0.8320253865678955,4.054275694980913,0.06257173162379896,0.7660373305514265,0.0001267130995780647,0.5282331420707468
n12ccccc1c3ccccn3[Ru+2]245(n6c(c7n5cccc7)cccc6)n8c(c9ccccn94)cccc8,0.5539305762760366,0.9797348814886871,3.7322398459252493,0.11860744470376329,0.8325628604895237,0.00028238232747025173,0.7097729112779252
n12ccccc1c3ccccn3[Ru+2]245(n6c(c7n5cccc7)cccc6)n8c(c9ccccn94)cccc8,0.7669572638223167,0.7910166580135067,3.441115452798974,0.03012634425292951,0.6416981809777751,0.00019556277458325085,0.6999468813857966
n1([Ru+2]23(n4c5c(n3ccc6)c6ccc5ccc4)7n8cccc9ccc%10cccn2c%10c89)cccc%11ccc%12cccn7c%12c1%11,0.6876295634762775,0.7351393674475682,3.6957702788186246,0.0579179381436933,0.7260616939581815,0.0001477594152469696,0.5944823942450018
n1([Ru+2]23(n4c5c(n3ccc6)c6ccc5ccc4)7n8cccc9ccc%10cccn2c%10c89)cccc%11ccc%12cccn7c%12c1%11,0.6167839454638084,0.9415996826787638,3.895690654581725,0.07815359352254057,0.7871324949575501,0.0002005247335621929,0.6086124704982109
N#Cc1c(n2c3ccccc3c4ccccc24)c(C#N)c(n(c5c6cccc5)c7c6cccc7)c(n(c8c9cccc8)c%10c9cccc%10)c1n(c%11c%12cccc%11)c%13c%12cccc%13,0.5878664505339822,0.7674556945332747,4.7783999241321,0.09235917253571559,0.8089579941731072,8.534936692647023e-05,0.5372473105676783
CC[C@@H]1CN2CCC1CC2[C@H](Oc3c4ccccc4c(O[C@@H](C5CC6CCN5C[C@@H]6CC)c7c8cc(OC)ccc8ncc7)nn3)c9c%10cc(OC)ccc%10ncc9,0.4267575939178432,0.9085096248235823,5.422818079215903,0.20869723420066183,0.9043660520129297,0.0001085096715239306,0.38509277155094046
Ic1c(O[Na])c(I)cc2c1OC3C(C(C(I)=CC3=C2c4c(Cl)c(Cl)c(Cl)c(Cl)c4C(O[Na])=O)=O)I,0.5309809786555089,0.7059405664051757,4.754190076291457,0.13472138686832225,0.8473837385187646,6.452137243501148e-05,0.41279216287677667
Oc(c1c2c(O)ccc3c2cccc3)ccc4c1cccc4,0.4592978826408474,0.9630915805980436,3.1803484367855934,0.18661616703622153,0.8882823059149801,0.0008769419697282543,0.5512937469867585
C[n+](c(cccc1)c1c2c3c(C)cc(C)cc3C)c4c2cccc4,0.4295425119282985,0.7497903581655079,3.395600950707697,0.2065843330238077,0.9030466380239327,0.0005279987693833348,0.3527544708003418
C1OCCOCCOCCOCCOCCOC1,0.3918370128338027,0.6547979476941123,3.395273067207656,0.2665137992078757,0.9200346490070264,0.0005612238115734152,0.15575737071011705
c12c(OCCOCCOc3c(OCCOCCO2)cccc3)cccc1,0.19741840181070425,0.8470983632623516,4.138391233661362,0.5213337145185135,0.9803193227854418,0.0007106434998506034,0.10878941141188486
Oc1ccc(C2(c3ccc(O)cc3O4)c5c(C(O2)=O)cccc5)c4c1,0.601646283718654,0.6433983851016813,3.4098649022839775,0.11411935013000817,0.7987626363867635,0.0003106809725625896,0.3379807618658766
Fc1c(B(c2c(F)c(F)c(F)c(F)c2F)c3c(F)c(F)c(F)c(F)c3F)c(F)c(F)c(F)c1F,0.5860213048981473,0.5860343323142686,3.9685348136891965,0.14529826094832543,0.8102956437038722,0.0001346905788205005,0.21916668616313814
c12ccccc1c([N]C3[N]C([N]4)c5ccccc53)[nH]c2[N]C([N]6)c7ccccc7C6[N]c8[nH]c4c9c8cccc9,0.46106270122633997,0.6924419800274234,4.422209698936604,0.1891423933148255,0.8873675594351368,0.00015945621275901005,0.24420740031970126
c1(/C2=N/C3=N/C(c4ccccc43)=N\5)ccccc1/C(N2)=N/C6=N/C(c7ccccc76)=N\C8=c(cccc9)c9=C5N8,0.48671728666235514,0.5132827142691986,4.734197570037425,0.25052929075879204,0.8735595474059195,9.144455289175556e-05,1.5081055974458345e-09
c1(c(cccc1)c2n3[Cu]45[N](C(c6ccccc67)=N8)=C7N=2)c3=NC9=[N]4C(c%10ccccc%109)=Nc%11n5c8c%12c%11cccc%12,0.49811228383009687,0.5019050081511838,4.469494542026661,0.24999781967613832,0.8671125375045414,8.75582159538145e-05,2.868210593361515e-05
CN(c1ccc(P(C(C)(C)C)C(C)(C)C)cc1)C,0.27346808382829996,0.9162693529835111,3.35316823283132,0.3954380795439536,0.961881077434876,0.0012294136999224587,0.3453318596073227
CC(C)(P(c1c(c2ccccc2)cccc1)C(C)(C)C)C,0.5962573589770327,0.8769768358792972,3.142508367639938,0.08401208906784106,0.8027933494154855,0.0006171963636613971,0.7341891577037837
c1(c2ccccc2)ccccc1P(C3CCCCC3)C4CCCCC4,0.671491633733376,0.8142295141389416,3.5611884237777804,0.052697050891069984,0.7410121360855579,0.00033905336985614026,0.5794784663981043
CN(c1c(c2ccccc2P(C3CCCCC3)C4CCCCC4)cccc1)C,0.6454719769651511,0.7619327324459046,3.6348885707254404,0.0676131331638582,0.7637839530604837,0.0002732566318434809,0.5105988641193959
CC(c1c(c2ccccc2P(C3CCCCC3)C4CCCCC4)c(C(C)C)cc(C(C)C)c1)C,0.5654899810360247,0.8651211100935198,4.080583597879932,0.10046601267200034,0.8247551644869382,0.00023421858009872393,0.5259453429297261
CC(C)c1c(c2c(OC)ccc(OC)c2P(C(C)(C)C)C(C)(C)C)c(C(C)C)cc(C(C)C)c1,0.585313630499765,0.9110706479830246,3.867247375409731,0.0917823673230007,0.8108069769995722,0.00026801768643642604,0.6888008891448197
N=C(N(C)C)N(C)C,0.4060580116501838,0.8231654607736885,1.9667844033494832,0.22457921544755374,0.9138473018916777,0.005071449227984971,0.4326248864910252
OC[C@H]1N(C(OC(C)(C)C)=O)CCC1,0.3017540732080422,0.820808070390567,2.7493546337384838,0.35028940087963667,0.9533857977242768,0.001897522592479865,0.28923204499115707
CCCC[N+](CCCC)(CCCC)CCCC,0.7918799978952767,0.8005495807040048,3.4398385031121,0.02475030178132606,0.6106767303028472,0.0004567409207801306,0.7113917039341033
S=c1c(NC[C@H]2NCCC2)c(NCc3ccccc3)c1=S,0.3083673123875147,0.7589582341042233,4.067296976824963,0.3460541180884845,0.9512673654924261,0.0004843911210494151,0.1560342628895805
O=c(c(NCc1ccccc1)c2NC[C@H]3N(CCC3)C(OC(C)(C)C)=O)c2=O,0.2869447731493119,0.8858480124353162,4.027001173615036,0.37286939693991894,0.9579471264961809,0.0005365397166927107,0.29733200516578245
O=c(c(N[C@@H](c(ccn1)c2c1ccc(OC)c2)[C@H]3N4CCC(C3)C(C#C)C4)c5Nc6cc(C(F)(F)F)cc(C(F)(F)F)c6)c5=O,0.6193602581714864,0.8880396037913814,4.543273307107953,0.07304226484013483,0.7851069166666089,0.000138544456317546,0.604469968465362
N[C@H]([C@@H]1[N@@](CC[C@H]2C1)C[C@@H]2C=C)c3ccnc4ccc(OC)cc34,0.2923525852351937,0.8301185605607603,3.7052496040136393,0.3635240570319286,0.9563106011679985,0.000678603847356694,0.2669977154859211
NC1CCCCC1,0.3772657462579845,0.7184661148470766,1.8256497463335588,0.26569432804587545,0.9261050462557722,0.006036966219528919,0.3389233010160866
c1cccnc1,0.49358901577712805,0.5064109842228718,1.4689391669143133,0.2501233021561177,0.8696952819833886,0.0060109421031669195,2.2447578031330205e-16
CN(C)CCN(C)C,0.19242659741060647,0.9737847257231682,2.3863460352579815,0.5384721321397178,0.9813113698561616,0.0082825834091471,0.3465409548861144
CCN(CC)CC,0.5683038015931795,0.5683042729230322,2.0174969786656605,0.1632924988020399,0.8228188069646561,0.0025936954041015617,0.33053830264418893
CN(c1ccncc1)C,0.25331827870686513,0.7620892579576062,2.1315208313179093,0.4298431768499568,0.9673829901714166,0.005461663043902749,0.08015428750045485
C1OCCOCCOCCOCCOCCOC1,0.4269597766269583,0.6543018837688979,3.3185803729314007,0.23065885167425557,0.9042706172062972,0.0005478434533961472,0.21433936008615534
c12c(OCCOCCOc3c(OCCOCCO2)cccc3)cccc1,0.21524193171718273,0.8421790778971332,4.154382436189607,0.4884514260589753,0.9765607563437391,0.0006470916300337228,0.13098601297793827
Oc1c(Cc2cccc(C3)c2O)cccc1Cc4c(O)c(Cc5cccc3c5O)ccc4,0.5519545823568636,0.7099140930443466,3.58950338785792,0.12112694069444843,0.8338741745702767,0.00026594847697490386,0.42683971533614795
[H][C@@]1(O[C@](O2)([H])[C@H](OC(C3=CC=CC=C3)=O)C(OC(C4=CC=CC=C4)=O)[C@@](O[C@@]5([H])O[C@H](COC(C6=CC=CC=C6)=O)[C@@]([C@H](OC(C7=CC=CC=C7)=O)[C@H]5OC(C8=CC=CC=C8)=O)([H])O[C@@]9([H])O[C@@H]([C@](O[C@]%10([H])[C@H](OC(C%11=CC=CC=C%11)=O)[C@@H](OC(C%12=CC=CC=C%12)=O)[C@@](O%13)([H])[C@@H](COC(C%14=CC=CC=C%14)=O)O%10)([H])[C@H](OC(C%15=CC=CC=C%15)=O)[C@H]9OC(C%16=CC=CC=C%16)=O)COC(C%17=CC=CC=C%17)=O)([H])[C@H]2COC(C%18=CC=CC=C%18)=O)[C@@H](COC(C%19=CC=CC=C%19)=O)O[C@](O[C@]%20([H])[C@@H](COC(C%21=CC=CC=C%21)=O)O[C@@](O[C@]%22([H])[C@@H](COC(C%23=CC=CC=C%23)=O)O[C@@]%13([H])[C@H](OC(C%24=CC=CC=C%24)=O)[C@H]%22OC(C%25=CC=CC=C%25)=O)([H])[C@@H]([C@H]%20OC(C%26=CC=CC=C%26)=O)OC(C%27=CC=CC=C%27)=O)([C@@H]([C@H]1OC(C%28=CC=CC=C%28)=O)OC(C%29=CC=CC=C%29)=O)[H],0.6309802534091276,0.7155283469302417,8.66495235201537,0.0814543755233636,0.7757988913421784,5.335420476858838e-06,0.4793981711023525
Cl[Ru]1(Cl)[P](c(c2c3c([P]1(c4ccccc4)c5ccccc5)ccc6c3cccc6)ccc7c2cccc7)(c8ccccc8)c9ccccc9,0.7338750846651635,0.7661897805486283,4.2469567939114885,0.04048875615589608,0.6792844471263119,9.105342115107808e-05,0.7392015247638715
CC(C)Oc1ccccc1C=[Ru](Cl)(Cl)=C2N(CCN2c3c(C)c(CN(C4CCCCC4)C5CCCCC5)c(C)c(CN(C6CCCCC6)C7CCCCC7)c3C)c8c(C)c(CN(C9CCCCC9)C%10CCCCC%10)c(C)c(CN(C%11CCCCC%11)C%12CCCCC%12)c8C,0.46995890991771355,0.7461065029686121,6.371176134963382,0.17172372309773623,0.8826882932207465,3.095533903702232e-05,0.28342846231433727
Cl[Ru]Cl,0.25919704766526896,0.7408029523347309,1.1519549304274312,0.4239581855593683,0.9658244615258035,0.012523733999542546,0.0
P(c(c1c2c(P(c3ccccc3)c4ccccc4)ccc5c2cccc5)ccc6c1cccc6)(c7ccccc7)c8ccccc8,0.6461831721202543,0.8496044236921056,4.362787569306331,0.06074385211758583,0.7631823557110095,0.00013843315497249312,0.642798269446347
I[Pd](I)(=C1N(Cc2ccccc2)C=CN1Cc3ccccc3)=C4N(Cc5ccccc5)C=CN4Cc6ccccc6,0.5228876200313989,0.8866502919703161,4.058897404061153,0.12842432625608194,0.8524016288217072,0.00014471334263683425,0.30947298169235693
CC(O[Pd]OC(C)=O)=O,0.06703805368179641,0.956160318935528,5.748320850923276,0.8124815937980955,0.9977504193727792,0.001944929966997132,0.2343850108831211
Cl[Rh]([P](c1ccccc1)(c2ccccc2)c3ccccc3)([P](c4ccccc4)(c5ccccc5)c6ccccc6)[P](c7ccccc7)(c8ccccc8)c9ccccc9,0.7463172334385939,0.848492942335196,4.36747266379261,0.029035684405078657,0.6655904048831859,8.357721918518403e-05,0.6802608680916885
CC(C)(c1cc(C(C)(C)C)c2c(C=[N]3[C@H]4CCCC[C@@H]4[N]5=Cc6c(O[Co]5(OC(C)=O)3O2)c(C(C)(C)C)cc(C(C)(C)C)c6)c1)C,0.41624005169508116,0.8699374749122707,4.800744667542865,0.2156401718561269,0.9092547604301427,0.00015639532145761002,0.4233280910254174
Cl[Ni]12[N]3=C(C=CC=C3N[P]2(C(C)(C)C)C(C)(C)C)N[P]1(C(C)(C)C)C(C)(C)C,0.4433500302132847,0.9398196486602198,3.4908841783276827,0.197187488529948,0.8963485654085019,0.00042157478209668464,0.5756343820304103
Br[Ni]12[N]3=C(C=CC=C3N[P]2(C(C)(C)C)C(C)(C)C)N[P]1(C(C)(C)C)C(C)(C)C,0.5900378029907773,0.7979821032392244,3.6637057585059334,0.08842259255286235,0.807375619548805,0.00022439544019756637,0.5829153704437425
Cl[Ni]12[N]3=C(N[P]2(c4ccccc4)c5ccccc5)C=CC=C3N[P]1(c6ccccc6)c7ccccc7,0.3700285263532013,0.9222516103047677,4.119026855036527,0.2694272366942163,0.9290203925021658,0.00029454022381601925,0.3686985895737192
Cl[Ni]12[N]3=C(N[P]2(C(C)(C)C)C(C)(C)C)C=CC=C3N[P]1(c4ccccc4)c5ccccc5,0.4792315886177917,0.9273698637893951,3.8890320058190917,0.164822166526125,0.8776884894259852,0.0002895806911594054,0.4991910453047545
[H][Ru]12(Cl)(C=O)[N]3=C(N[P](C(C)(C)C)2C(C)(C)C)C=CC=C3N[P](C(C)(C)C)1C(C)(C)C,0.4942360867383918,0.9338353206674157,3.49382555214415,0.1538190218046698,0.8693277233388573,0.0003331397671035265,0.5341249174132642
[H][Ru]12(C=O)(n3c(c4n2cccc4)cccc3N[P]1(C(C)(C)C)C(C)(C)C)Cl,0.49618907135624657,0.78836101078366,3.0157247785559362,0.14714256236650888,0.8682144927761951,0.00041405996125247143,0.48168909044768565
CC([P]1(NC2=CC=CC(N3)=[N]2[Mn+]1(C=O)(C=O)[P]3(C(C)(C)C)C(C)(C)C)C(C)(C)C)(C)C,0.5998771776009643,0.9207313683236502,3.2062032557260607,0.084781799275552,0.8000921020691938,0.0003686094450476934,0.6403875156385919
CC(C)(C)P(C(C)(C)C)Nc1nc(NP(C(C)(C)C)C(C)(C)C)ccc1,0.18323597450508566,0.9321139270214385,4.522443683737039,0.5508877672613172,0.9830689587445897,0.0006617537560949929,0.21230786229008022
c1(NP(c2ccccc2)c3ccccc3)nc(NP(c4ccccc4)c5ccccc5)ccc1,0.2791458103084693,0.9710460684772285,5.075000972735396,0.3946764090339618,0.9602487264179151,0.0003182464415791176,0.39018193947118107
CC(C)(C)P(C(C)(C)C)Nc1cccc(NP(c2ccccc2)c3ccccc3)n1,0.2185174375266538,0.9108070826597761,4.826500723629295,0.4843095617102229,0.9758330438639516,0.00043541301823778157,0.2571890470768427
CC(C)(C)P(C(C)(C)C)Nc1cccc(c2ncccc2)n1,0.22643306851045716,0.9716876696889931,3.923537744396274,0.47792847031668345,0.9740267272949642,0.0009713811063681217,0.3716031337268879
C1(P(C2CCCCC2)C3CCCCC3)CCCCC1,0.5416455463969667,0.6324568790514046,3.3108675761507063,0.14954274745167992,0.8406069843085598,0.0004129033091989588,0.3011725057399459
c12cccnc1c3ccccc3cc2,0.2566025334653756,0.7433974665395005,2.5836659224000993,0.4277269801454577,0.9665170147592594,0.0024215648455120278,7.772352657541623e-12
OCC[P+](CCCC)(CCCC)CCCC,0.5379176566884397,0.796239656716944,3.321197622708797,0.11811728219783535,0.8429973870794725,0.0006330949395712398,0.4337776624787517
CCCCCCCC[P+](CCO)(CCCCCCCC)CCCCCCCC,0.48896822324920386,0.6287869073643734,5.640982414008935,0.18662763218535203,0.8723015973002209,0.00010293706271017196,0.16878259691278383
CCCC[P+](CCCC)(CCCC)CCCC,0.6169531604516001,0.7276446705754299,3.478175030297055,0.08482773225241146,0.7869998715430533,0.00044052348780864207,0.47792899293552343
CCCC[N+](CCCC)(CCCC)CCCC,0.6759737893089524,0.9228456137168949,3.5068714738305715,0.05090168406014188,0.7369256652928408,0.0005949025059639989,0.708277692049784
Cl[Pt]([S](C)C)(Cl)=C1N(c2c(C(C)C)cccc2C(C)C)CCN1c3c(C(C)C)cccc3C(C)C,0.5878943066764475,0.8529097631459307,3.6906725022435976,0.08785522647744703,0.8089377504959322,0.00018085325849248992,0.6407366663444668
O=P(c1ccccc1)(c2ccccc2)Cc3cc(OCc4ccc(c5ccc(COc6cc(CP(c7ccccc7)(c8ccccc8)=O)cc(CP(c9ccccc9)(c%10ccccc%10)=O)c6)cc5)cc4)cc(CP(c%11ccccc%11)(c%12ccccc%12)=O)c3,0.13715866519153044,0.9256838021806285,9.937200757822445,0.6447412959671546,0.990549090435642,5.7626587102318544e-05,0.10891287481046036
O=C(C)O[Pd]1([P](c2ccccc2)(c3ccccc3)CCC[P](c4ccccc4)1c5ccccc5)OC(C)=O,0.57028878941669,0.8128037488235957,3.692176520192268,0.09808110194510014,0.8214442748389242,0.0001955798102275686,0.49795247608034027
[H][Rh]([C]=O)([C]=O)[C]=O,0.6237979259896687,0.6285023140522624,1.424847110885507,0.11021824469672122,0.7815856623115521,0.0029736800831325198,0.529229828696426
Cl[Ru]12([P](C3CCCCC3)(CC(OC(C)(C)O4)C4C[P]1(C5CCCCC5)C6CCCCC6)C7CCCCC7)([N]8=C(NC9=C8C=CC=C9)C(C)[NH2]2)Cl,0.7371941606519129,0.7682258311349882,4.232891701941225,0.039428577144858507,0.6756809672476511,8.512371729977019e-05,0.6630288636593749
Cl[Ru]1([N]2=C(C(C3=CC=CC=C3)(O1)C4=CC=CC=C4)C=CC=C2)(=CC5=CC=CC=C5)=C6N(CCN6C7=C(C=C(C=C7C)C)C)C8=C(C=C(C=C8C)C)C,0.5285026258395052,0.8301050452195465,4.121069724253553,0.1230042188871876,0.848931666555529,0.00013746438349213097,0.4539594794506379
Cl[Ru](Cl)([P](C1CCCCC1)(C2CCCCC2)C3CCCCC3)([P](C4CCCCC4)(C5CCCCC5)C6CCCCC6)=Cc7ccccc7,0.6521922152868685,0.8973804891913251,4.509780822042347,0.058956568295775676,0.7580536355161202,0.00010479533721914097,0.6023680875161902
CC(C)c1c(N2/C(N(c3c(C(C)C)cccc3C(C)C)C=C2)=[Au]/OS(=O)(C(F)(F)F)=O)c(C(C)C)ccc1,0.7114625553994183,0.8986656039550481,3.466399399221303,0.03774309623331207,0.7027240086011931,0.00018674504663421948,0.5326802359031197
O=S(O/[Au]=C1N(c2c(C(c3ccccc3)c4ccccc4)cccc2C(c5ccccc5)c6ccccc6)C=CN\1c7c(C(c8ccccc8)c9ccccc9)cccc7C(c%10ccccc%10)c%11ccccc%11)(C(F)(F)F)=O,0.8354379189279971,0.9178640614642257,4.767261755164934,0.010717007937173794,0.5495848284089158,5.4053070877097444e-05,0.7164863690232421
CC(C)c1c(N2/C(N(c3c(C(C)C)cccc3C(C)C)C=C2)=[Au]\O)c(C(C)C)ccc1,0.5485550332000952,0.8636790975854589,3.241400605301502,0.11056749123120582,0.8361144512271287,0.0002999484219935631,0.326669668667249
CC(C)c1c(N2/C(N(c3c(C(C)C)cccc3C(C)C)C=C2)=[Au]\CC(C)=O)c(C(C)C)ccc1,0.5366669454618932,0.8614471923700047,3.2361705490537447,0.11801755363302752,0.8437941630804289,0.00028597920983969944,0.510257940622287
CC(C)c1c(N2/C(N(c3c(C(C)C)cccc3C(C)C)CC2CC45CC6CC(CC(C5)C6)C4)=[Au]/CC(C)=O)c(C(C)C)ccc1,0.5138369782314631,0.8742324140716733,4.076800465906742,0.13398744011677352,0.8578878480325728,0.00015415567725297338,0.6830231819556145
CC(C)c1c(N2/C(N(c3c(C(C)C)cccc3C(C)C)C=C2)=[Au]/[O+](/[Au]=C4N(c5c(C(C)C)cccc5C(C)C)C=CN/4c6c(C(C)C)cccc6C(C)C)[H])c(C(C)C)ccc1,0.5928442669717794,0.9318577646580769,4.269336467790904,0.0895337054171172,0.805317127049148,9.162228530765218e-05,0.7095168779731579
Cc1nc(NS(CC2(CCC3CC2=O)C3(C)C)(=O)=O)ccc1,0.2015483157920017,0.9099942754427892,3.502116332751682,0.5147439475418502,0.9794785737326812,0.0012054043577855906,0.22840342440957365
O=C1CC2CCC1(CS(Nc3cccc(NS(CC4(CCC5CC4=O)C5(C)C)(=O)=O)n3)(=O)=O)C2(C)C,0.39823975699569764,0.9623465692084394,4.132984868772373,0.24468939974573917,0.9172813613870108,0.00031053165775982654,0.3712498985910851
CC1(CCCC(N1[O])(C)C)C,0.5727573382734265,0.8012536260095217,2.140126652223569,0.09732096074838929,0.8197249730573906,0.0023203626855137368,0.6383297065932139
CC1(CC(CC(C)(N1[O])C)OCc2cc(COC(CC3(C)C)CC(C)(N3[O])C)cc(COC(CC4(C)C)CC(C)(N4[O])C)c2)C,0.5003751783677401,0.5585899007753122,6.4199986214837095,0.21128623233685812,0.8658086860695337,4.419693016273448e-05,0.13834518184571717
O[Fe]12(n3c(c4n1c(N[P]2(C(C)(C)C)C(C)(C)C)ccc4)cccc3)O,0.5161590836958216,0.8824830041422591,3.085075548296681,0.1328257800755415,0.8564927322040098,0.0005316096820342556,0.5446278957355636
CC(C)(P(C(C)(C)C)Cc1c(CP(C(C)(C)C)C(C)(C)C)cccc1)C,0.3923148289537284,0.9729951952045632,3.8643773721366017,0.25281115608545046,0.9198310034908623,0.0004978030229593106,0.5279917222637647
CCCCCCCCP(CCCCCCCC)CCCCCCCC,0.3490811290199147,0.7346139369855275,5.675709089958768,0.29608129656112897,0.9370925062992349,0.00018362735841989008,0.14422482550550925
CCCCCCCC[P](CCCCCCCC)(CCCCCCCC)[Co]([C]=O)([C]=O)[C]=O,0.5638867000308155,0.7711954231690654,4.926162673518894,0.10472904860908136,0.8258521596074911,0.0001281134220589041,0.24237308081892356
CC1(C)c2c(Oc3c1cccc3[P](c4ccccc4)(c5ccccc5)[Pd+]67O[C-](C)C=C(O7)C)c([P]6(c8ccccc8)c9ccccc9)ccc2,0.6618723437487952,0.9686673437290252,4.191762061464975,0.060532692880264825,0.7496165690407841,0.00013970656116603106,0.6883529451566359
CC(Oc1c(C=[Ru](Cl)(Cl)=C2N(c3c(C)cc(C)cc3C)C(CC(CCCC)CC)CN2c4c(C)cc(C)cc4C)cccc1)C,0.4679072296919549,0.868426942033418,4.632305596032944,0.16885731451583225,0.8837775876327709,0.00013675015147203244,0.5076239021404861
CC(C)Oc1ccccc1C=[Ru](Cl)(Cl)=C2N(CCN2c3c(C)cc(OCC45CC6CC(CC(C5)C6)C4)cc3C)c7c(C)cc(OCC89CC%10CC(CC(C9)C%10)C8)cc7C,0.1892530359500666,0.9473804871150905,6.272072948266741,0.5409777992107689,0.981928351960408,0.0001466371741857871,0.16081349338252576
CC(C)Oc1ccccc1C=[Ru](Cl)(Cl)=C2N(CCN2c3c(C)cc(OCCOCCOC)cc3C)c4c(C)cc(OCCOCCOC)cc4C,0.21506215032223233,0.9698378774014612,6.027746208572626,0.4971831790948173,0.976600364273318,0.00016241326047990363,0.23887944795120525
CC(C)Oc1ccc(c2c(C)cccc2)cc1C=[Ru](Cl)(Cl)=C3N(CCN3c4c(C)cc(C)cc4C)c5c(C)cc(C)cc5C,0.4693275802185317,0.8890405917452503,4.167527947498493,0.16903726522079046,0.8830241346906763,0.00017943077241805466,0.4208890320698844
CC(C)Oc1ccc(c2cc(C(C)(C)C)c(OCCCC)c(C(C)(C)C)c2)cc1C=[Ru](Cl)(Cl)=C3N(CCN3c4c(C)cc(C)cc4C)c5c(C)cc(C)cc5C,0.2891648470751061,0.9223132341786442,5.28131699911505,0.37303894959753403,0.9572793172402873,0.00014254453388637132,0.288838598004835
O=C(C(F)(F)F)O[Pd]OC(C(F)(F)F)=O,0.06616929388162451,0.9593062461685848,7.262234146783644,0.8148048949471062,0.9978084107418654,0.0008374011642986488,0.1341969750337245
CC(O[Pd](OC(C)=O)([P](c1ccccc1)(c2ccccc2)c3ccccc3)[P](c4ccccc4)(c5ccccc5)c6ccccc6)=O,0.7382868022696589,0.9895110198678038,3.849146566564539,0.035403717601081956,0.6744869143240969,0.00016470760688266562,0.7919503748260959
CC1(c2c(Oc3c1cccc3[P](c4ccccc4)([Pd][P]5(c6ccccc6)c7ccccc7)c8ccccc8)c5ccc2)C,0.541380837589018,0.884373661987336,4.1846454259973855,0.1160192172928658,0.8407774905951118,0.00016516153156721317,0.5180489113054294
c1([P]([Pd]([P](c2ccccc2)(c3ccccc3)c4ccccc4)([P](c5ccccc5)(c6ccccc6)c7ccccc7)[P](c8ccccc8)(c9ccccc9)c%10ccccc%10)(c%11ccccc%11)c%12ccccc%12)ccccc1,0.8088976747982372,0.8948910084183287,4.791718327267356,0.015036742603463538,0.5879494465564241,5.636814235031158e-05,0.8096537316783794
CCCCCCCC[P](CCCCCCCC)([Co]12([C]=O)([C]=O)[Co](C2=O)([C]=O)([C]=O)([P](CCCCCCCC)(CCCCCCCC)CCCCCCCC)C1=O)CCCCCCCC,0.6336315162979026,0.8514992360622426,6.146005108774753,0.06598083374273167,0.7736349924570506,4.303465099262372e-05,0.5768674193072204
[H]O(c1c(/C=N/CC/N=C/c2ccccc23)cccc1)[Ni]O3[H],0.026974738198051962,0.9783963026737327,17.25745234716594,0.9212691182965319,0.9996361155436245,0.0003734300275428698,0.060296634743770436
FC1=CC(F)=CC2=C1C3=CC=CC=[N]3[Ir]245([N]6=C(C(O5)=O)C=CC=C6)[N]7=CC=CC=C7C8=C4C=C(F)C=C8F,0.5569292102648951,0.8883414462443452,4.028738161246332,0.1065712838267605,0.8305599645743348,0.00017296729414572216,0.6641075889891929
Fc1c(F)c(F)c(C(N=c(c2c(F)c(F)c(F)c(F)c23)n4c3=NC5=[N](C(c6c5c(F)c(F)c(F)c6F)=N7)[Cu]894)=[N]9C%10=Nc%11n8c7c%12c(F)c(F)c(F)c(F)c%11%12)c%10c1F,0.49885109627286695,0.5011492698104842,5.464655404479715,0.2500036866373689,0.8666877083167609,3.894001862479569e-05,4.906010798351384e-07
N#Cc1c(n2c3ccccc3c4ccccc24)c(C#N)c(n5c6ccccc6c7ccccc57)c(Cl)c1n8c9ccccc9c%10ccccc8%10,0.676456985353204,0.6833780054730713,4.6921723860942555,0.0736161077881346,0.7364821430060983,8.226032281163478e-05,0.5730765382371212
CC1=CC(C2=CC=C(C)C=C2[Ir+3]345([N](C=C6)=C(C7=[N]5C=CC(C(C)(C)C)=C7)C=C6C(C)(C)C)[N](C=C8)=C(C9=CC=C(C)C=C94)C=C8C)=[N]3C=C1,0.6558131285140897,0.7828127472769629,4.692662024860303,0.061128966593911815,0.754923267934273,8.010156142684026e-05,0.5239659927494286
CC(c1cc(C(C)(C)C)c(O[Co]23Oc4c(C=[N]2[C@@H]5CCCC[C@H]5[N]3=C6)cc(C(C)(C)C)cc4C(C)(C)C)c6c1)(C)C,0.49488608136813045,0.7716793112305033,4.480894774778578,0.14944951785382882,0.8689578623086947,0.0001457733737881118,0.39596569006684434
CC(c1ccc(c2cc3c(CCCC3)c(c4c(O5)c(c6ccc(C(C)(C)C)cc6)cc7c4CCCC7)c2OP5(O)=O)cc1)(C)C,0.3520833018953047,0.7892198932857224,5.295877536650432,0.2858395047145471,0.9359686685602782,0.0001378460025659683,0.2214747980808319
CN(C)P1Oc2c(C3(CC4)CCc5cccc(O1)c53)c4ccc2,0.510863873752524,0.6443203114117637,3.0867287658308893,0.16516157990187044,0.859661620926842,0.0004384357366229165,0.2746818610674204
Oc(c(c1ccccc1)c2)c(c3c(O)c(c4ccccc4)cc5c3cccc5)c6c2cccc6,0.445138386059707,0.9126331522670237,4.345745817415474,0.19213794242745297,0.8954617899475997,0.00029184276408252853,0.477065359447024
O=P1(O)Oc(c(c2c(C(C)C)cc(C(C)C)cc2C(C)C)c3)c(c4c(O1)c(c5c(C(C)C)cc(C(C)C)cc5C(C)C)cc6c4cccc6)c7c3cccc7,0.41225812387975536,0.8841054612381416,5.1130650391311505,0.22055014586906183,0.9110670882515427,0.0001250839935224753,0.4443837206136587
FC(F)(c1cc(C(F)(F)F)cc(c(c2)c(O)c(c(c(O)c(c3cc(C(F)(F)F)cc(C(F)(F)F)c3)c4)c5c4cccc5)c6c2cccc6)c1)F,0.3536671768669959,0.9939101737853393,5.765519954043392,0.3003724785014781,0.9353713316148454,0.00013966664368210346,0.54477040781382
Oc(c([Si](c1ccccc1)(c2ccccc2)c3ccccc3)c4)c(c5c(O)c([Si](c6ccccc6)(c7ccccc7)c8ccccc8)cc9c5cccc9)c%10c4cccc%10,0.4171138754017918,0.9669932773720087,5.345609707650294,0.22632539710911403,0.9088542319576327,0.00012041721431306439,0.5414559586367892
O=c(c(NCc1ccccc1)c2NC[C@H]3N(CCC3)C(OC(C)(C)C)=O)c2=O,0.34931935861110963,0.919077387078368,4.419591518426443,0.29328143964628833,0.9370037276871009,0.0003963422404021527,0.39656467803254813
O=c(c(OC)c1Nc2cc(C(F)(F)F)cc(C(F)(F)F)c2)c1=O,0.33259411810101147,0.7303646352588251,3.7854454577139314,0.3178511270606305,0.9430700677068541,0.0004660230677548764,0.09672580682166619
O=c(c(N[C@@H](c(ccn1)c2c1ccc(OC)c2)[C@H]3N4CCC(C3)C(C#C)C4)c5Nc6cc(C(F)(F)F)cc(C(F)(F)F)c6)c5=O,0.6308462547822254,0.8356632234890368,4.543765230526433,0.0674695004532962,0.7759078571758631,0.0001258847331696988,0.5603777700975154
CCC1C2C[C@@H]([C@@H](NC(NCc3ccccc3)=S)c(ccn4)c5c4ccc(OC)c5)N(CC2)C1,0.431372749335363,0.7451156924405067,4.7259152644685924,0.20550015652655912,0.9021737920882262,0.00017730870910717323,0.2649143098874125
O=c(c(N[C@@H]([C@@H]1[N@@](CC[C@H]2C1)C[C@@H]2C=C)c3ccnc4ccc(OC)cc34)c5N6CCOCCOCCOCCOCC6)c5=O,0.42995023625217804,0.8619968444260923,5.0120176566089825,0.20204215183584054,0.9028525872736347,0.00014734054107446145,0.3848505482869434
P(c1ccccc1)(c2ccccc2)CCP(c3ccccc3)c4ccccc4,0.38822039027919425,0.9295873079580242,4.047942575555685,0.25029087046142184,0.9215665622034417,0.00042505281010157993,0.44495412398855083
Br[Mn]12([NH](CC[P](C(C)C)2C(C)C)CC[P](C(C)C)1C(C)C)(C=O)C=O,0.4490142491903571,0.9139577098324684,3.260719369523277,0.18882353708266938,0.8935245962053983,0.0004539128298443695,0.47199939268825547
O=S(c1cccc(P(c2cc(S(=O)([O-])=O)ccc2)c3cc(S(=O)([O-])=O)ccc3)c1)([O-])=O,0.552523654958873,0.5798776140282131,4.538912419007885,0.16603251206124858,0.8334972169784901,0.0001087477012292135,0.29271191693027815
